"ID","StartTimeToronto","EndTimeToronto","CompletionCode","Bonus"
"1701183943900","2023-11-28 10:05:58","2024-01-19 15:47:41","o1OO93-qwzIEvLqTuqOtx","0.00"
"1701294092914","2023-11-29 16:42:54","2023-11-29 16:52:46","v4F4iaauDVmNqNvQ9eBlV","1.00"
"1701294127758","2023-11-29 16:42:13","2023-11-29 16:53:19","Kr4hTwwkAKw2MgSxmx0xL","1.00"
"1701294196945","2023-11-29 16:43:32","2023-11-29 16:48:11","HpkYN8r6cHKqQ1VJNvzJx","0.22"
"1701294255981","2023-11-29 16:44:24","2023-11-29 16:50:07","Ehy1g_odWASqJimJvVYBy","0.84"
"1701294321562","2023-11-29 16:45:25","2023-11-29 17:32:33","FjGYooakbuS7fedLe6d0F","0.88"
"1701294580927","2023-11-29 16:49:51","2023-11-29 16:58:32","F-287bqt9vNwQVhTJaFMY","0.71"
"1701294604427","2023-11-29 16:50:16","2023-11-29 17:04:24","NPk7bKqirTnWjcDViUjSV","1.00"
"1701294695703","2023-11-29 16:51:42","2023-11-29 17:00:03","B0eBVP_vkzetYRx3LM6kB","1.00"
"1701295144929","2023-11-29 16:59:10","2023-11-29 17:03:24","W8hMMLdQVNj_NrQUDXEw6","0.75"
"1701295170193","2023-11-29 16:59:57","2023-11-29 17:03:58","6qe5iEYfgvuX6ROckNbAD","1.00"
"1701295249386","2023-11-29 17:00:52","2023-11-29 17:13:18","YaI5GfIDgaFv6VqzozdQE","0.91"
"1701295344563","2023-11-29 17:02:38","2023-11-29 17:08:55","2k9udVFfc8Ihji-sxijBw","0.98"
"1701295435020","2023-11-29 17:04:34","2023-11-29 17:27:06","jIS6rXevxYfAEQz5_qLzz","0.96"
"1701295782212","2023-11-29 17:09:52","2023-11-29 17:28:53","-g67tGhYqD_ut1gyovmzR","0.40"
"1701296087236","2023-11-29 17:16:51","2023-11-29 17:24:47","cuDJ7duRZVvSIlHRC88WL","0.00"
"1701297757967","2023-11-29 17:42:57","2023-11-29 17:50:00","0LSJK9pM7wa9GpdU45Sx8","0.84"
"1701298134924","2023-11-29 17:49:02","2023-11-29 18:12:38","jE8BuDsRRZyeMGP80OSRm","0.80"
"1701298582765","2023-11-29 17:56:27","2023-11-29 18:01:29","Dw6OFnNxzCnUKwNPZpow_","1.00"
"1701301645980","2023-11-29 18:47:31","2023-11-29 18:50:46","VSBsNieHCfSyvy9xH2nN9","0.68"
"1701302868474","2023-11-29 19:07:57","2023-11-29 19:17:39","DJxxUyKgh_KRnojryn4nb","0.70"
"1702330405303","2023-12-11 16:33:31","2023-12-11 16:40:55","30xdI3d6WsYVTIm3DZlwq","0.66"
"1702332762210","2023-12-11 17:12:48","2023-12-11 17:19:52","pRHVZUNXPX66cR7hCmQK_","1.00"
"1702332775566","2023-12-11 17:13:00","2023-12-11 17:27:24","0dluvac-Gq_5p82KNWG5I","0.82"
"1702332779915","2023-12-11 17:13:06","2023-12-11 17:20:44","sj6PCW28-0-1DAI0X5kme","0.78"
"1702332783292","2023-12-11 17:13:08","2023-12-11 17:20:39","wnj_Trc5h8kiCFh96jw5t","0.99"
"1702332784078","2023-12-11 17:13:06","2023-12-11 17:19:35","Sr64fOkrodpf_SdHspxEI","0.99"
"1702332785147","2023-12-11 17:13:24","2023-12-11 17:31:08","_khWgDQEWrPZwIWofNKZG","1.00"
"1702332787539","2023-12-11 17:13:15","2023-12-11 17:25:55","wV4cbnMdQ6kZ-ZXrjBgJk","0.93"
"1702332787931","2023-12-11 17:13:16","2023-12-11 17:22:21","dj30qlvuBcydLzZ2ZEPLk","0.90"
"1702332789890","2023-12-11 17:13:17","2023-12-11 17:17:18","iWgh6YI9kqD68FIRTU0yi","0.55"
"1702332790003","2023-12-11 17:13:16","2023-12-11 17:18:33","YV7gph_97YRYGkmRK1Ttk","0.52"
"1702332790237","2023-12-11 17:13:14","2023-12-11 17:22:40","fxLkKrk6TZ0MKOQsqHtQs","1.00"
"1702332791111","2023-12-11 17:13:27","2023-12-11 17:28:34","bPwxv64BDYVWH75pOkdHO","0.26"
"1702332791895","2023-12-11 17:13:16","2023-12-11 17:24:50","AiHXA38RAHClXRqbVYoQS","0.00"
"1702332793728","2023-12-11 17:21:29","2023-12-11 17:35:19","4F7eGo4kGVfiUm00Fdui-","1.00"
"1702332794251","2023-12-11 17:13:20","2023-12-11 17:20:16","o2Pmh8e4Fb19vYv5gfohB","0.85"
"1702332794736","2023-12-11 17:13:18","2023-12-11 17:18:03","Au88HOguGg7YPrgCZexZ8","0.40"
"1702332797211","2023-12-11 17:13:23","2023-12-11 17:18:42","znk8Fd-Ii62cWUgXia0ep","0.70"
"1702332797697","2023-12-11 17:13:21","2023-12-11 17:18:13","U1zm7MSbGF6TO2nYpUXrc","0.68"
"1702332798378","2023-12-11 17:16:39","2023-12-11 17:25:31","IZ4X00SKb0MIL7Dy3vstE","0.67"
"1702332799014","2023-12-11 17:13:26","2023-12-11 17:17:29","O3C2Y_4K8Ka1q9t12Nixr","0.31"
"1702332800016","2023-12-11 17:13:24","2023-12-11 17:28:44","w5JuRm5NYnd_7U3X82BIk","1.00"
"1702332801318","2023-12-11 17:13:31","2023-12-11 17:40:27","CpAjZWYfsjGrRu4MlMIho","0.22"
"1702332801545","2023-12-11 17:13:29","2023-12-11 17:22:17","ZSDID_OKZlZOJCK9II7vr","0.83"
"1702332804021","2023-12-11 17:13:27","2023-12-11 17:23:55","_r96x-8FhsL6tZisxuW63","1.00"
"1702332805773","2023-12-11 17:13:45","2023-12-11 17:19:49","5IH1srmwIYgPqJjhjryfm","0.95"
"1702332807207","2023-12-11 17:13:33","2023-12-11 17:20:20","AmEoNVffjtZxT6zO8uSQN","0.07"
"1702332812326","2023-12-11 17:13:52","2023-12-11 17:20:18","3sXYa2orhXuzjnl6VJoGL","1.00"
"1702332813304","2023-12-11 17:13:38","2023-12-11 17:21:40","rwZ2Ni3pah-3zxPva6FpY","0.48"
"1702332813370","2023-12-11 17:13:51","2023-12-11 17:39:17","kR6RqATPZ115gpeic1Ruc","0.85"
"1702332813741","2023-12-11 17:13:45","2023-12-11 17:37:12","VFgZXbRI2Lo_Pflr3i_YE","0.31"
"1702332815073","2023-12-11 17:14:04","2023-12-11 17:30:50","Yhib2DONmDJAvxFG1Rfzv","1.00"
"1702332818390","2023-12-11 17:14:43","2023-12-11 17:27:50","aouhypdGJIlcGpUJmn0De","0.78"
"1702332818783","2023-12-11 17:14:07","2023-12-11 17:21:30","vC_NRh3dovK1cqdZTl4Me","0.80"
"1702332819006","2023-12-11 17:13:42","2023-12-11 17:20:25","h7-isnW5O8TC38LkfV39O","1.00"
"1702332820108","2023-12-11 17:13:57","2023-12-11 17:35:40","J9xnJWG8UiI1QT3TxNolH","0.68"
"1702332821349","2023-12-11 17:13:50","2023-12-11 17:17:20","5hpRNLG2TBO2o7sTvzqjC","0.11"
"1702332822102","2023-12-11 17:14:02","2023-12-11 17:24:34","WvFZ8Ti5ElpVEbBOnw7tS","0.47"
"1702332824760","2023-12-11 17:14:00","2023-12-11 17:25:04","kBkdk77Z5Ewy1pcuAeIX4","0.89"
"1702332827933","2023-12-11 17:13:50","2023-12-11 17:18:37","DttB_9jYpz_7ivb9I0lFl","1.00"
"1702332832219","2023-12-11 17:14:39","2023-12-11 17:22:14","-6269OOjdAiFKdheW5OXA","0.67"
"1702332842199","2023-12-11 17:14:18","2023-12-11 17:30:45","HU3ffX2lPgh8YCciW20vo","0.27"
"1702332844843","2023-12-11 17:14:10","2023-12-11 17:23:48","0Ky223YCtMlqrsDwhDplm","0.95"
"1702332854294","2023-12-11 17:14:18","2023-12-11 17:46:14","EZO8pMyQTynrFZahJMp_X","1.00"
"1702332856662","2023-12-11 17:14:38","2023-12-11 17:27:25","FqmzU5XJnwmcja1QDwwUN","0.50"
"1702332859751","2023-12-11 17:14:35","2023-12-11 17:36:10","-X0zZjED83lhGIWbowBK9","0.49"
"1702332860129","2023-12-11 17:14:30","2023-12-11 17:21:16","bWedP5lQoC3gpLWSue-6Z","0.00"
"1702332870669","2023-12-11 17:14:36","2023-12-11 17:20:14","U0IL3WczQC0sZIWwPMEg5","0.00"
"1702332871517","2023-12-11 17:17:33","2023-12-11 17:25:31","9IfUl77XNVQY8MdxV0mC4","0.98"
"1702332873798","2023-12-11 17:14:44","2023-12-11 17:22:03","ZzvBj9D8Yk3i0DvgJ-sgX","0.89"
"1702332880623","2023-12-11 17:14:44","2023-12-11 17:19:25","TaWO4K_xFo0lImeM4J-r6","0.94"
"1702332887617","2023-12-11 17:15:15","2023-12-11 17:23:27","WPDwPHFJgfKjsM48L6kjn","0.77"
"1702332890907","2023-12-11 17:14:55","2023-12-11 17:22:14","TseDEduXqXyyylOQDHhJ_","1.00"
"1702332896355","2023-12-11 17:24:12","2023-12-11 17:36:16","1nkWVfQCOAmOG5JSqeKGx","1.00"
"1702332897292","2023-12-11 17:15:02","2023-12-11 17:21:07","YhJPlbGWVF858VZB7n8BP","0.97"
"1702332898165","2023-12-11 17:15:15","2023-12-11 17:26:24","3NIyWMOI4ipKZ015mFLSN","0.56"
"1702332901649","2023-12-11 17:15:05","2023-12-11 17:23:32","blw-Zb0hZGk909as18nEG","0.67"
"1702332901744","2023-12-11 17:15:09","2023-12-11 17:24:31","KfT152GqKJGNXkxx5Uktn","0.81"
"1702332903538","2023-12-11 17:15:08","2023-12-11 17:25:50","_uGHAClwK89xfNh-tOyvw","0.53"
"1702332911136","2023-12-11 17:15:14","2023-12-11 17:21:36","cWJlwubHHtPeRT-UIpwH3","0.87"
"1702332915873","2023-12-11 17:48:31","2023-12-11 18:05:39","2EkNBUOvgtxpkqfzZzbt3","0.60"
"1702332919323","2023-12-11 17:15:31","2023-12-11 17:36:51","kAeWRKPPWnYCbvge6f7CD","1.00"
"1702332920044","2023-12-11 17:23:06","2023-12-11 17:31:29","_yBU3m_DCV-XGBjs8aPlp","1.00"
"1702332925098","2023-12-11 17:15:30","2023-12-11 17:21:13","_fNzwRMMMnriThThSK0fm","0.17"
"1702332932354","2023-12-11 17:15:37","2023-12-11 17:30:55","0KfVWOuLQzaWOFEQhm0CI","0.45"
"1702332933862","2023-12-11 17:15:39","2023-12-11 17:18:50","jhpv0f98e4h58olOQANxa","0.73"
"1702332940559","2023-12-11 17:15:44","2023-12-11 17:36:02","ZHcJsppc6pZYEV63cA3rN","1.00"
"1702332944440","2023-12-11 17:15:46","2023-12-11 17:19:36","iMNc_iuYE2Kb0YIgxCfzC","1.00"
"1702332944749","2023-12-11 17:15:51","2023-12-11 17:22:18","eWi6vYk35SS-XC0Q87rgQ","0.77"
"1702332951712","2023-12-11 17:16:07","2023-12-11 17:25:45","iIiSfm_3E0_COG0-Yn5FY","0.76"
"1702332956807","2023-12-11 17:16:10","2023-12-11 17:22:09","E8mnJxSj50tkXQtgrpIkN","0.82"
"1702332957285","2023-12-11 17:16:03","2023-12-11 17:20:36","DvlMaqu7ByN__YzH7_foV","0.27"
"1702332961045","2023-12-11 17:24:45","2023-12-11 17:38:48","tOHHNOo4ts366M8xWu0Y5","0.28"
"1702332961307","2023-12-11 17:16:04","2023-12-11 17:32:23","YkUmVVtz78dr58xpHZ19c","0.54"
"1702332962022","2023-12-11 17:16:04","2023-12-11 17:25:04","BoNpU9e-ObWI3hem1avc1","0.81"
"1702332963137","2023-12-11 17:16:11","2023-12-11 17:24:29","U35uoSPz0K2AQnRVCsEZz","1.00"
"1702332964334","2023-12-11 17:16:08","2023-12-11 17:25:35","grLmcntxzPX95rBNdOuc0","0.69"
"1702332968266","2023-12-11 17:16:52","2023-12-11 17:23:23","2uCv0Pfy5sVQLBd20xTvb","0.47"
"1702332974135","2023-12-11 17:17:26","2023-12-11 17:24:55","P4PapoUAIWBe31Rkb0A43","0.22"
"1702332975727","2023-12-11 17:16:52","2023-12-11 17:21:34","zrvly2D_3SPgd5iw6xsqB","0.87"
"1702332976097","2023-12-11 17:16:23","2023-12-11 17:22:50","KuEibp0uchYmUvzSZgINB","0.73"
"1702332979084","2023-12-11 17:16:23","2023-12-11 17:19:55","aWrDidqCWEjwColxuVsy5","0.75"
"1702332986334","2023-12-11 17:16:34","2023-12-11 17:28:51","8MKSf92P-KG5oSJ6sZ13M","0.87"
"1702333004081","2023-12-11 17:17:05","2023-12-11 17:29:03","1Ebc7LYyEWwNQZ0_UDeku","0.78"
"1702333009011","2023-12-11 17:16:57","2023-12-11 17:29:16","2OBD_KJAu5GNkuMIPAvOs","0.88"
"1702333012515","2023-12-11 17:16:58","2023-12-11 17:21:03","RGH2aoFnaLEmJRucuQuT4","0.06"
"1702333018645","2023-12-11 17:17:06","2023-12-11 17:23:10","uJQ-5svjYoxVqdSWwvgBy","0.87"
"1702333021897","2023-12-11 17:17:06","2023-12-11 17:23:27","P9RKkr0vRAjNRr0lHnENG","1.00"
"1702333025080","2023-12-11 17:17:08","2023-12-11 17:22:49","qfverz87wxyJ87_COiL1l","0.80"
"1702333026495","2023-12-11 17:17:15","2023-12-11 17:25:16","h_ZdE4gT5Sk7KBmli2icC","0.37"
"1702333041762","2023-12-11 17:17:24","2023-12-11 17:19:51","3d0YMz03mtQF3lVGmBbiJ","0.00"
"1702333044070","2023-12-11 17:17:31","2023-12-11 17:21:29","iF8F6iYGaUs3sNkiJFChq","0.70"
"1702333049024","2023-12-11 17:17:32","2023-12-11 17:22:14","ShtOBK8xqbt6cDSmSlDNz","0.30"
"1702333052343","2023-12-11 17:17:36","2023-12-11 17:31:04","jaXB64jqpyVFRtEJ4ng8c","0.97"
"1702333053705","2023-12-11 17:17:43","2023-12-11 17:29:21","1VEspmtIF7Rjr0EmzWKHP","0.94"
"1702333056690","2023-12-11 17:17:39","2023-12-11 17:24:41","3lgcPs7mX1q-DhspeIJmf","0.87"
"1702333064856","2023-12-11 17:18:10","2023-12-11 17:38:31","gMOPo07iZjOaEyZiVAQvs","0.56"
"1702333068960","2023-12-11 17:17:51","2023-12-11 17:23:10","mWdu9Pe1OfYLM0fxJum4v","0.89"
"1702333074334","2023-12-11 17:17:57","2023-12-11 17:27:52","NvJmN-uMx6ccmtBYMk6q4","0.65"
"1702333076269","2023-12-11 17:18:03","2023-12-11 17:35:47","4LJUnrgI4hxb1PCgyqBJB","0.80"
"1702333085109","2023-12-11 17:18:11","2023-12-11 17:32:02","gRa_5RYSEc4nyOeOOXgC2","1.00"
"1702333088493","2023-12-11 18:09:18","2023-12-11 18:12:35","fgh40a5eVgfDI9N741scc","0.75"
"1702333091509","2023-12-11 17:18:27","2023-12-11 17:30:32","UJdYlb6RFMk31HKlihM75","0.89"
"1702333103634","2023-12-11 17:18:29","2023-12-11 17:23:59","2tGw5uYgFwZJ4Ir6sDgKn","1.00"
"1702333112884","2023-12-11 17:18:37","2023-12-11 17:28:08","dwv6o4du8AEh_soF373Jn","0.56"
"1702333118541","2023-12-11 17:18:42","2023-12-11 17:22:06","wBvEJXdNpz01GxFyfQhVw","0.66"
"1702333120719","2023-12-11 17:18:47","2023-12-11 17:26:59","4DVEMSOu39sAQxb-T5Q5i","0.97"
"1702333126854","2023-12-11 17:23:21","2023-12-11 17:28:06","hy4WO4K2VPoOBTwg8KWvc","0.82"
"1702333132678","2023-12-11 17:19:50","2023-12-11 17:28:52","d6cC32INijrKgRSgp7p9V","0.53"
"1702333141537","2023-12-11 17:19:12","2023-12-11 17:28:29","tgFflwa0-Zd2jor0YSGX1","0.68"
"1702333154389","2023-12-11 17:19:17","2023-12-11 17:26:00","oZiXkvcjf9fBMlGxJu2Da","0.57"
"1702333155501","2023-12-11 17:19:19","2023-12-11 17:26:12","-OAP3nKWeg-2IzLhZXxv-","0.68"
"1702333159912","2023-12-11 17:19:23","2023-12-11 17:25:54","bFIewCDao2sv-mjpQNrzy","0.83"
"1702333160569","2023-12-11 17:19:26","2023-12-11 17:24:38","cnC5nwrxfLuptzi50BWsU","0.53"
"1702333169288","2023-12-11 17:19:42","2023-12-11 17:29:49","IYco0QbOzMNIBA-JIDd_9","0.72"
"1702333176652","2023-12-11 17:19:53","2023-12-11 17:24:43","dg1vdM5mteC-9ITu7KepD","0.63"
"1702333181136","2023-12-11 17:20:08","2023-12-11 17:23:35","FnRhNqYD6U5P5EtqUyQl0","0.93"
"1702333183165","2023-12-11 17:20:43","2023-12-11 17:40:57","o7-MR1ugOMGuawQXLfcjw","0.92"
"1702333183507","2023-12-11 17:20:12","2023-12-11 17:35:07","iycRnrY6UcXJqAgiBTcsB","0.15"
"1702333183607","2023-12-11 17:19:48","2023-12-11 17:24:06","bXa9Lla9jCH41OM1IAAZV","0.43"
"1702333184285","2023-12-11 17:19:46","2023-12-11 17:35:57","X-5vwHn2aiuymebqfoPRH","1.00"
"1702333191769","2023-12-11 17:20:00","2023-12-11 17:28:40","Hh7Duggcy607854X567kO","0.68"
"1702333194685","2023-12-11 17:20:03","2023-12-11 17:30:05","-MhyMN7x47CA7ctmx56I_","0.98"
"1702333195531","2023-12-11 17:20:38","2023-12-11 17:27:06","1yzsCM21IJzeUfdh9e0jM","0.35"
"1702333205201","2023-12-11 17:20:09","2023-12-11 17:26:58","96_rdteOeKeyJz_V9LbUO","1.00"
"1702333208690","2023-12-11 17:20:25","2023-12-11 17:27:15","5mIKiWMUgNcXk6F_4gjxE","0.81"
"1702333212409","2023-12-11 17:26:42","2023-12-11 17:33:34","E8mwSWSSJnfKn0gFj7oUQ","0.68"
"1702333213463","2023-12-11 17:20:36","2023-12-11 17:41:35","P2YKhczh73c3w2JLX1Imn","0.95"
"1702333214157","2023-12-11 17:21:02","2023-12-11 17:37:33","4UgB_ZtWfNchsKUJDYwPT","1.00"
"1702333219943","2023-12-11 17:20:28","2023-12-11 17:28:32","qAATjGgx-P1oNoVp3MEjh","0.93"
"1702333223588","2023-12-11 17:20:28","2023-12-11 17:29:34","p3bLMNZPj3U9UBdnqVzik","0.80"
"1702333224713","2023-12-11 17:20:28","2023-12-11 17:30:29","pG5o_-tolGIKJnPqPf-D4","0.77"
"1702333232432","2023-12-11 17:22:25","2023-12-11 17:44:05","zZo15UmNdCiEpAFBAvmEp","1.00"
"1702333232543","2023-12-11 17:20:37","2023-12-11 17:27:39","82FjMpbUtKF8GJBrn2RRC","1.00"
"1702333243089","2023-12-11 17:20:46","2023-12-11 17:29:13","fl4g5ewWfWWQj4IGqx5y9","1.00"
"1702333245370","2023-12-11 17:21:35","2023-12-11 17:29:17","nLVdroOvIwj0CDnkXckyD","0.96"
"1702333248816","2023-12-11 17:22:17","2023-12-11 17:28:30","nD5zOv3XGvrNNovJNJPZb","0.95"
"1702333287378","2023-12-11 17:22:49","2023-12-11 17:29:40","gmLup8ONg965FUcZXmMDA","0.17"
"1702333288554","2023-12-11 17:21:32","2023-12-11 18:02:11","8NHgRqiwPX-tGR7rxfugw","0.59"
"1702333290746","2023-12-11 17:28:23","2023-12-11 17:36:00","XiPFvz6QNmoEQkululYas","0.00"
"1702333292299","2023-12-11 17:21:36","2023-12-11 17:26:22","qpEmmiQIa9Chd3n5Aqyot","0.23"
"1702333296641","2023-12-11 17:21:47","2023-12-11 17:28:19","9HwOXcb4qlXvMPhWM8WBd","1.00"
"1702333313160","2023-12-11 17:21:55","2023-12-11 17:27:34","NLLfpYPZKZFPy-AO525Iy","0.86"
"1702333323097","2023-12-11 17:22:13","2023-12-11 17:26:22","qnbboVGD-0IrFjuzUkvdq","0.56"
"1702333325796","2023-12-11 17:30:48","2023-12-11 17:41:30","XjQNHtFO7CBcqB2VlnI1L","0.86"
"1702333332620","2023-12-11 17:22:21","2023-12-11 17:33:11","c1MeXZtnGqGGVvFoJ1Ufw","0.32"
"1702333343540","2023-12-11 17:22:38","2023-12-11 17:27:42","3b-pg5AtrgNIlIUnC578L","0.99"
"1702333359978","2023-12-11 17:22:42","2023-12-11 17:54:47","F5CdWRHb63RZOGYGeOPxC","0.79"
"1702333373179","2023-12-11 17:23:20","2023-12-11 17:35:41","iUa3jL0ZY9DVhAqXfgLU0","0.32"
"1702333378359","2023-12-11 17:23:08","2023-12-11 17:32:27","AA61W_FY8mfsimfCMHubu","1.00"
"1702333404844","2023-12-11 17:23:28","2023-12-11 17:26:44","Fo0iLdnp9opZjaozIICT0","0.84"
"1702333409397","2023-12-11 17:23:33","2023-12-11 18:01:05","sZG27FxM8Hq0NUw_bSzG8","0.47"
"1702333418959","2023-12-11 17:23:41","2023-12-11 17:29:28","dTXjxlh0l_HT4zJI4ruml","1.00"
"1702333422175","2023-12-11 17:25:20","2023-12-11 17:45:18","y1wxgr3CAfnuo7AybyG0Q","1.00"
"1702333423092","2023-12-11 17:23:50","2023-12-11 17:32:05","8LaCM4U8Du3IzF5S2GXrD","0.75"
"1702333446108","2023-12-11 17:32:47","2023-12-11 17:59:42","2SEECOjXnXuGjSBXlM1kK","0.46"
"1702333454537","2023-12-11 17:24:18","2023-12-11 17:31:41","uQ_CK9GH9cHwjMZ23SGS5","1.00"
"1702333457505","2023-12-11 17:24:21","2023-12-11 17:30:32","raIAomtsEpb_4PqQmpsVm","0.75"
"1702333460988","2023-12-11 17:24:24","2023-12-11 17:31:17","0Yj1dz0MuB4jRtR93-VOt","1.00"
"1702333468371","2023-12-11 17:27:17","2023-12-11 17:37:50","cT5KVQmcebQNzBbCixuDv","0.40"
"1702333471314","2023-12-11 17:24:36","2023-12-11 17:29:33","GLoJ3iAGrgxVVoSYAKFUF","0.94"
"1702333491193","2023-12-11 17:25:03","2023-12-11 17:37:28","v0_Y4koNPOGjQDE8bqL_e","0.64"
"1702333516739","2023-12-11 17:25:19","2023-12-11 17:28:37","CV5zAR9qKMDI6OMdRm4jT","0.83"
"1702333527757","2023-12-11 17:25:33","2023-12-11 17:34:24","5q8YTIyB7tWndA36bMMB2","0.98"
"1702333540552","2023-12-11 17:25:46","2023-12-11 17:30:22","GeSUAe8utksImBpCS4WvK","0.90"
"1702333592318","2023-12-11 17:26:35","2023-12-11 17:34:08","99YBPVKC7rZo0fPswouFV","0.66"
"1702333610166","2023-12-11 17:28:37","2023-12-11 17:40:08","f_ZQ866aHPvg3enwf5TN2","1.00"
"1702333617365","2023-12-11 17:27:22","2023-12-11 17:40:37","n0UjeFrL-xyoEMlL63rDn","0.00"
"1702333630013","2023-12-11 17:28:06","2023-12-11 17:41:19","YJoY7yFdxc0NxnLs1I0rl","0.92"
"1702333630109","2023-12-11 17:27:16","2023-12-11 17:30:51","WUJ9DIiJ2D6uU3zcj8aF2","0.85"
"1702333721616","2023-12-11 17:29:04","2023-12-11 17:42:12","vJC2bk4SikmbMrFSwk2Zs","0.96"
"1702333728246","2023-12-11 17:28:52","2023-12-11 17:36:59","sNnsWJ0xYcq49S9R5PERj","0.23"
"1702333744828","2023-12-11 17:31:00","2023-12-11 17:35:25","rDA8MQWxt0-pwmvjQSf5Q","0.65"
"1702333783086","2023-12-11 17:29:47","2023-12-11 17:33:31","YHQPYWKmS5rG6cfX7u9Em","0.79"
"1702333785020","2023-12-11 17:30:06","2023-12-11 17:42:17","QbXWJz6oy6y50UQIklz9i","1.00"
"1702333789763","2023-12-11 17:30:08","2023-12-11 17:42:10","y7C-LTz3SNDjjA51zzWrL","0.77"
"1702333807530","2023-12-11 17:30:13","2023-12-11 17:35:21","dO4_EmEXsuO_f40SA0OzN","0.78"
"1702333822603","2023-12-11 17:30:50","2023-12-11 17:36:49","ZtJe7Uuepo3Xx4kWWxbK1","0.71"
"1702333826755","2023-12-11 17:30:33","2023-12-11 17:48:09","YPX63m9eGbAuL91hYL0RK","0.00"
"1702333866289","2023-12-11 17:31:12","2023-12-11 17:36:04","Kj4qX9vX9uSqL0z-SaxHj","0.75"
"1702333872168","2023-12-11 17:31:30","2023-12-11 17:34:29","oXwGDxtZXJ7cc_2OoX1EO","0.70"
"1702333875178","2023-12-11 17:31:27","2023-12-11 17:45:50","Mhs3QxZAB0W_EYCk2jDQX","0.25"
"1702333940580","2023-12-11 17:37:16","2023-12-11 17:40:49","8dODYCmqI4JvQBW40Gzf1","0.73"
"1702333959024","2023-12-11 17:32:44","2023-12-11 17:42:37","X0nAZAlQkR1hvm8N8Du--","1.00"
"1702333977943","2023-12-11 17:38:55","2023-12-11 17:42:57","ZQyH1k909kkhOzyFOmnAM","0.97"
"1702333983410","2023-12-11 17:33:09","2023-12-11 17:44:32","orRicPsW6NExocTl_lx3m","0.56"
"1702334009987","2023-12-11 17:41:35","2023-12-11 18:11:45","WQhlmlJlhL7tFJjI1IhAq","0.33"
"1702334080579","2023-12-11 17:51:19","2023-12-11 18:03:01","fF8XUMMJcbfBGIYImDA-5","0.68"
"1702334145569","2023-12-11 17:35:52","2023-12-11 17:52:13","p9mv_rL_HOqmldCCCdVCO","0.82"
"1702334193370","2023-12-11 17:36:38","2023-12-11 17:50:01","c-NXGAsxLXU4xTE7C-3_k","0.90"
"1702334210445","2023-12-11 17:36:57","2023-12-11 17:47:34","4krv5Fmhk7wToSUbZLC1F","0.93"
"1702334291763","2023-12-11 17:38:18","2023-12-11 17:46:42","ZPM4lC2kVBD6Ind20KMnA","1.00"
"1702334390687","2023-12-11 17:40:17","2023-12-11 17:48:21","-o_91OwCApri56I4cybK0","0.86"
"1702334446817","2023-12-11 17:40:59","2023-12-11 17:58:39","r8DYfIFyJd1SFzgavKktN","0.87"
"1702334518243","2023-12-11 17:42:12","2023-12-11 17:50:52","LNwNraGv15dZAHau7ULZj","0.74"
"1702334551417","2023-12-11 17:42:36","2023-12-11 17:57:47","sPZHRCDhTFr7beVZe3xMZ","0.66"
"1702334572836","2023-12-11 17:42:58","2023-12-11 17:47:26","pJmmvcVwXwlnl01cDZk5Y","0.97"
"1702334587074","2023-12-11 17:43:28","2023-12-11 18:12:23","tHXCAAA7X2UaZehlXPzRl","0.71"
"1702334604193","2023-12-11 17:43:28","2023-12-11 17:58:53","PV3mWC3c_bYW9mKw0Pays","0.28"
"1702334826655","2023-12-11 17:47:09","2023-12-11 17:52:02","zNcErOtXnWWqa0K3ywHK8","0.82"
"1702334830417","2023-12-11 17:47:38","2023-12-11 17:58:37","O0FaAsLT8z5xSUMyv2vTt","1.00"
"1702334868884","2023-12-11 17:48:04","2023-12-11 18:00:42","pPUxYYGIqJ3Rz38f2Q8ZL","1.00"
"1702334923149","2023-12-11 17:54:14","2023-12-11 18:05:36","iN08CVxIxiFPP-wWluM0e","0.58"
"1702334951216","2023-12-11 17:49:17","2023-12-11 18:02:35","bUnl3I5RylsmEh4IyuQbP","1.00"
"1702334976003","2023-12-11 17:49:55","2023-12-11 17:57:16","fj0bLQyIJ2ffARQXF5MUn","1.00"
"1702334996865","2023-12-11 17:50:04","2023-12-11 18:01:17","rnBqG4DZfnOpHZQCSo_eK","0.78"
"1702334998144","2023-12-11 17:50:02","2023-12-11 17:56:11","RcgxvbxQeurMdFsUOQeFp","1.00"
"1702335012660","2023-12-11 17:50:22","2023-12-11 18:21:34","v-ceZPJue1GoFYsH8J1Ci","0.76"
"1702335068320","2023-12-11 17:51:12","2023-12-11 17:55:04","khg-s3b2F_SBv701adnoD","1.00"
"1702335095760","2023-12-11 17:52:22","2023-12-11 18:05:24","DGXLNTonCJKbx_wumZ1FI","1.00"
"1702335177748","2023-12-11 17:53:06","2023-12-11 18:04:33","31VT6j4kgFGgpeoUrz4gH","0.57"
"1702335178996","2023-12-11 17:53:22","2023-12-11 18:01:57","s4v0de6msEzU5tgE_JGmo","0.88"
"1702335195677","2023-12-11 17:53:28","2023-12-11 18:00:47","9oDHS_rJZXa6KBeC5EFis","0.29"
"1702335239719","2023-12-11 17:54:07","2023-12-11 17:57:24","STSQ7gikikgdv_IoBXRhS","0.79"
"1702335274865","2023-12-11 17:55:18","2023-12-11 18:06:03","5zf9lNF9axXhXmty51vPX","0.89"
"1702335278689","2023-12-11 17:54:49","2023-12-11 18:15:50","LO6Fo6QPitnnflp-qAFGT","0.93"
"1702335304817","2023-12-11 17:55:12","2023-12-11 18:01:24","TDhmt3GUnjvVTPeTNMEXw","0.56"
"1702335311786","2023-12-11 17:55:19","2023-12-11 17:57:37","62xZ0JAZ2DLJHyYVweS9J","0.71"
"1702335331618","2023-12-11 17:56:41","2023-12-11 18:09:46","u0HRkOFPsfS1JjNO0G1mx","0.77"
"1702335333301","2023-12-11 17:55:40","2023-12-11 18:04:37","HfEnN2j7li0GnayntasoV","0.99"
"1702335350474","2023-12-11 17:56:00","2023-12-11 18:04:18","CLrYJ1qcA9GqvidTYXNh4","1.00"
"1702335448209","2023-12-11 17:57:36","2023-12-11 18:08:40","EiOTltTZLkL2gDfi16lNB","0.22"
"1702335628437","2023-12-11 18:00:32","2023-12-11 18:07:31","cRmD9tFayiyIL3td9Qpdn","0.81"
"1702335673850","2023-12-11 18:01:16","2023-12-11 18:03:57","1T1UuDXDxZ4vkLCn_GA8X","0.47"
"1702335736012","2023-12-11 18:04:42","2023-12-11 18:13:33","pKGqcvZ3_c8yy752rzMs8","1.00"
"1702335932994","2023-12-11 18:05:36","2023-12-11 18:08:57","abqOUS92KRuLO8vD8sCWu","0.16"
"1702336098285","2023-12-11 18:08:44","2023-12-11 18:15:38","y7nCL5YdFPWUUBCt6YyA6","0.76"
"1702336144187","2023-12-11 18:09:06","2023-12-11 18:17:47","W_iNwViZZolxIFsU1PKCg","0.88"
"1702336339547","2023-12-11 18:12:32","2023-12-11 18:25:22","Ryv-2X7IsIy1is3yd-mJY","0.96"
"1702336427236","2023-12-11 18:13:51","2023-12-11 18:25:03","3K9V_UaOZnPN2w7Cb8gjG","0.95"
"1702336443048","2023-12-11 18:14:46","2023-12-11 18:34:21","lJPWO54drpEtj3-THLttN","0.25"
"1702336447204","2023-12-11 18:14:16","2023-12-11 18:22:03","-nROUxVo8siSjC4rfCGrI","0.77"
"1702336448196","2023-12-11 18:14:44","2023-12-11 18:25:00","pmhpLbxwADfam-_fy8ass","0.85"
"1702336456350","2023-12-11 18:14:23","2023-12-11 18:26:03","kE9tAKZDC9rPihYqBsR_v","0.94"
"1702336458081","2023-12-11 18:15:07","2023-12-11 18:22:06","dTuBhvyfojQn_bz7Gz0Ee","0.83"
"1702336468041","2023-12-11 18:14:32","2023-12-11 18:19:00","mCl4OK2Wt3gUeUCbtKyXj","0.94"
"1702336468175","2023-12-11 18:14:37","2023-12-11 18:39:15","T_3ZlIwGn6KKkh2uqopz9","1.00"
"1702336470271","2023-12-11 18:14:35","2023-12-11 18:23:26","ep81pjOtmszLpTQMp-RYg","1.00"
"1702336473602","2023-12-11 18:15:23","2023-12-11 18:27:02","z-KjxBvo6K_Ik_jKQQzkw","0.30"
"1702336484877","2023-12-11 18:14:55","2023-12-11 18:27:45","ayjvnIkZRM6UI7Q-Ird9E","0.78"
"1702336486912","2023-12-11 18:15:34","2023-12-11 18:38:42","-OQsFObIvlYJSnhOep1HC","1.00"
"1702336489299","2023-12-11 18:14:59","2023-12-11 18:18:48","5KZBoqNGukTmnanzwpbqI","0.16"
"1702336492196","2023-12-11 18:15:41","2023-12-11 18:19:07","Z9JNUdgMTrwYml9zx_qGO","0.75"
"1702336493096","2023-12-11 18:15:04","2023-12-11 18:19:25","yP2fb3oMkm0iPorXRIvdW","0.85"
"1702336506118","2023-12-11 18:15:13","2023-12-11 18:28:36","qBPC8_6wHjP-155V5bm1v","0.45"
"1702336516629","2023-12-11 18:15:22","2023-12-11 18:45:22","G3yl2A-xre7Pbp2ZV4JSk","0.78"
"1702336518298","2023-12-11 18:15:28","2023-12-11 18:24:03","J5zmU2sL8pwiK3_VMDnvb","0.64"
"1702336526085","2023-12-11 18:15:38","2023-12-11 18:21:58","R4-W-LdnZgmGb5f7nrVO8","0.34"
"1702336531424","2023-12-11 18:15:41","2023-12-11 18:27:54","IOClSgtmmEg8QEIsJINYP","0.65"
"1702336548929","2023-12-11 18:15:53","2023-12-11 18:30:53","l_zl-BuILQlHetb_70NG_","1.00"
"1702336558730","2023-12-11 18:16:42","2023-12-11 18:20:50","gfNARS12ko5Cqv115riBM","1.00"
"1702336562658","2023-12-11 18:16:08","2023-12-11 18:18:58","XLoJNkFG5Z-cEzpUhyZ9G","0.65"
"1702336594466","2023-12-11 18:16:39","2023-12-11 18:20:30","T1eW05MMs7Cecnon22woi","0.71"
"1702336607363","2023-12-11 18:18:19","2023-12-11 18:41:57","fvcr6GwwJaZlPPuCrUAPu","1.00"
"1702336613484","2023-12-11 18:16:57","2023-12-11 18:21:14","sKyaevxGHBfmbSfFlSFZy","0.63"
"1702336643167","2023-12-11 18:17:31","2023-12-11 18:25:46","pr2fok3gafPjnJg_QRIXa","0.28"
"1702336659492","2023-12-11 18:18:11","2023-12-11 18:27:18","6SayGn3mdQ4sk-dXuzIuP","1.00"
"1702336864012","2023-12-11 18:21:11","2023-12-11 18:25:35","ylPjNc6CXCI_qUU5ohB2I","1.00"
"1702336901910","2023-12-11 18:56:36","2023-12-11 19:04:19","rR8VHbKZdBvB2Yd7qsyIf","1.00"
"1702337085444","2023-12-11 18:24:51","2023-12-11 18:35:29","cZrmFdeIOKOAGwQrTHrOE","1.00"
"1702337106770","2023-12-11 18:25:10","2023-12-11 18:27:10","A5q8RaBDak4WMpetJw8vK","0.60"
"1702337209280","2023-12-11 18:26:55","2023-12-11 18:32:58","L6G4jCk9uZlmXmuHDZNca","1.00"
"1702337230175","2023-12-11 18:27:13","2023-12-11 18:38:19","w0RCyoJxbFA0Oj3PF6wDN","0.64"
"1702337243913","2023-12-11 18:27:30","2023-12-11 18:35:25","HnfURLXtT3ezXNss1ux3W","1.00"
"1702337340101","2023-12-11 18:29:06","2023-12-11 18:40:12","nOHydVvtpmAc4SMOdOLRO","0.81"
"1702337407324","2023-12-11 18:30:16","2023-12-11 18:41:52","Z-YsPLI4Eakb0VrL-dXiw","0.93"
"1702337412000","2023-12-11 18:30:19","2023-12-11 18:40:14","Pk4hs9NuxzQvHQjHO5Yv8","0.87"
"1702337510728","2023-12-11 18:31:55","2023-12-11 18:38:07","mLIz1VaIg8GvMZJRjwVmx","0.78"
"1702337513196","2023-12-11 18:34:41","2023-12-11 19:06:50","blYN8lp4nQ2NxqEQc4qB6","0.00"
"1702337546493","2023-12-11 18:32:36","2023-12-11 18:39:16","8QkIhxXgM0MyVpwyyOl6t","0.40"
"1702337613999","2023-12-11 18:33:47","2023-12-11 18:39:25","2-X22uZgLAJI6Y8s-eKti","0.88"
"1702337619777","2023-12-11 18:34:11","2023-12-11 18:48:14","JlCSVezi9AYrFjdiDjIVV","0.63"
"1702337711075","2023-12-11 15:35:20","2023-12-11 15:50:09","0OAXQXxptQaJlTQkBBTEg","1.00"
"1702337878810","2023-12-11 18:38:03","2023-12-11 18:44:48","UjNU37NDQx--qbDwP0Lf4","1.00"
"1702338242156","2023-12-11 18:44:09","2023-12-11 18:53:53","UnonaAiKM35aMc-whoMSF","1.00"
"1702338406849","2023-12-11 18:46:53","2023-12-11 18:59:56","jVy1O2inbw-T_QTMQBBby","0.63"
"1702338421882","2023-12-11 18:47:15","2023-12-11 18:53:12","JuNshhLun__lDLYlauxVr","0.93"
"1702338587249","2023-12-11 18:49:52","2023-12-11 18:55:04","ESQDhUlB9ANLnBu5_RXed","0.56"
"1702338696269","2023-12-11 18:52:00","2023-12-11 18:57:32","kL--rO2_FoVqPINoUnzn7","0.34"
"1702338834885","2023-12-11 18:54:50","2023-12-11 19:01:59","mOW2GRYuESRVW1slThQwR","0.85"
"1702338851852","2023-12-11 18:54:16","2023-12-11 19:04:03","0-bkRJtCeNbTuEFWB59pI","0.94"
"1702339263057","2023-12-11 19:07:09","2023-12-11 19:38:24","qXDxQFmp_xyqd1km0z4uR","0.90"
"1702339386338","2023-12-11 19:03:11","2023-12-11 19:06:21","hbmrUL6fYsmARLEXeduYr","0.64"
"1702339736540","2023-12-11 19:09:35","2023-12-11 19:16:41","kzh0tr25u1ymyqkCJ_Enh","0.19"
"1702339806419","2023-12-11 19:10:27","2023-12-11 19:15:46","0vdBqE4ICMQqveIyQg4a6","0.72"
"1702340057577","2023-12-11 19:14:24","2023-12-11 19:25:16","ns5JasVhGAIoY_bcy9_4Y","0.22"
"1702340090347","2023-12-11 19:14:56","2023-12-11 19:19:54","-WzOlOmgS0K-OvHUQEM3u","0.62"
"1702340138037","2023-12-11 19:15:44","2023-12-11 19:22:18","BnhAS4O_QiP6R3AjbNaOD","0.25"
"1702340142070","2023-12-11 19:16:16","2023-12-11 19:49:32","v8dxX8xuWGueh9fNKxppX","1.00"
"1702340174561","2023-12-11 19:16:19","2023-12-11 19:20:14","Io4OAzxmjogiqozleJiSe","0.75"
"1702340193540","2023-12-11 19:16:53","2023-12-11 19:28:42","4m5u0LnBrODdN2cE1icrt","0.52"
"1702340960284","2023-12-11 19:29:23","2023-12-11 19:36:27","6bcDvTpJr1o7Mvmpqu7iW","1.00"
"1702341288950","2023-12-11 19:34:57","2023-12-11 19:46:56","MsOgx2G501n7mWb0aRI9b","0.05"
"1702341326098","2023-12-11 19:37:31","2023-12-11 19:52:13","mEvKGDKJb7i9gVA-obzZ_","1.00"
"1702341580262","2023-12-11 19:39:45","2023-12-11 19:42:44","QUbkxjXay7ri68odo2Mhv","0.99"
"1702341718755","2023-12-11 19:42:09","2023-12-11 19:47:57","OMIc9D_Iajdfo9F-cVSMB","0.52"
"1702343192136","2023-12-11 20:06:42","2023-12-11 20:15:42","hT73mwaeNqMtAGci-RqXi","1.00"
"1702343882891","2023-12-11 20:18:05","2023-12-11 20:27:49","CT4URtfC2RcFz9txwLfVC","0.96"
"1702350960785","2023-12-11 22:16:13","2023-12-11 22:30:50","t0tng0aVAxQn34eU23cOo","0.96"
"1702354390911","2023-12-11 23:13:26","2023-12-11 23:19:10","nz5beeuPr9zOyD4E_Ahe_","0.25"
"1703257100667","2023-12-22 09:58:23","2023-12-22 10:01:04","6ZuR65x1JvJX31HUyVEkX","0.78"
"1704743088119","2024-01-08 14:44:52","2024-01-08 14:55:15","eLFBhCeKGokDsSoq_GLd3","0.84"
"1704987265732","2024-01-11 10:34:31","2024-01-11 10:40:48","u8SgZqf8pac_J-EQ7rPqn","1.00"
"1705277475643","2024-01-14 19:12:31","2024-01-14 19:25:19","effnQLD2cyEiVki9lmJc2","0.00"
"1705279176636","2024-01-14 19:39:40","2024-01-14 19:46:17","okI7sjdurF36WBsA6l_fA","1.00"
"1705279178335","2024-01-14 19:39:42","2024-01-14 19:47:57","gqcpoANG1SQg6bKzV01Pq","0.60"
"1705279370373","2024-01-14 19:42:58","2024-01-14 19:47:46","6lO-JAon2_qkJMEonVYTS","0.86"
"1705281081734","2024-01-14 20:18:56","2024-01-14 20:27:22","_iSCKTrOwy27l2jCDsLYA","0.78"
"1705281173013","2024-01-14 20:12:56","2024-01-14 20:20:10","GwESkofpE-lElwB4rjIYn","1.00"
"1705281240019","2024-01-14 20:14:06","2024-01-14 20:21:20","w9etYtsnBF2YZnbLTCpqe","0.90"
"1705282446157","2024-01-14 20:34:27","2024-01-14 20:55:17","BW3PqjgOJdhH5AI00QzTP","0.81"
"1705282449178","2024-01-14 20:34:12","2024-01-14 20:39:29","tuWnuoSyJe963JtlzLLfZ","0.79"
"1705282470031","2024-01-14 20:34:55","2024-01-14 20:40:16","8pgPHrKjKwrd8g2K78GOp","0.62"
"1705282471578","2024-01-14 20:35:09","2024-01-14 20:42:19","9aaLmwvzfwswINE_7OY9B","0.69"
"1705282472219","2024-01-14 20:34:37","2024-01-14 20:39:28","sio6M5D8loA_zCdj0atlo","0.62"
"1705282608902","2024-01-14 20:36:52","2024-01-14 20:41:02","4vaJD8txwg1WZULn0aobQ","0.93"
"1705282736738","2024-01-14 20:39:01","2024-01-14 20:45:34","kNFsmp_BaQOKBUNPFo7oq","0.63"
"1705282746201","2024-01-14 20:39:18","2024-01-14 20:46:42","Uwv-AcBFCp0NyCP8zuSV-","0.74"
"1705282775303","2024-01-14 20:39:41","2024-01-14 20:43:29","_1pKlGXp7KvFT3QxMjlB7","0.66"
"1705282846027","2024-01-14 20:40:51","2024-01-14 20:49:41","G9pD4JYDcXNZrc7W6ORJG","0.84"
"1705282877447","2024-01-14 20:41:23","2024-01-14 20:57:52","L-fE4N5LX5BiM2deaMzkm","0.64"
"1705283331474","2024-01-14 20:48:55","2024-01-14 20:52:08","Q218JUviZwWS37ZYy0ryV","0.81"
"1705283676356","2024-01-14 20:54:40","2024-01-14 20:57:57","3Ro8czWTF9vmMIcg50AP7","0.89"
"1705283787829","2024-01-14 20:56:50","2024-01-14 21:05:40","UErSMvMAVldLU8TzsAUF_","0.96"
"1705283949124","2024-01-14 20:59:14","2024-01-14 21:06:44","lJ2s7s1WF2p4UyLQ4R9we","1.00"
"1705284181754","2024-01-14 21:03:05","2024-01-14 21:07:28","JCc6tn3vosUXSiMxOSq1y","1.00"
"1705284228268","2024-01-14 21:04:19","2024-01-14 21:11:32","OuBTvw6kgWp3sMsX6VJAp","0.29"
"1705284486010","2024-01-14 21:08:10","2024-01-14 21:14:42","889qMucnEZLXUENW9x549","0.85"
"1705284486663","2024-01-14 21:08:17","2024-01-14 22:04:06","ohWYK1Rm-4kcjlJdtu_Ur","0.58"
"1705284980448","2024-01-14 21:16:28","2024-01-14 21:24:21","HnAaR2nejdmUBT_Lz-nAC","0.57"
"1705285390125","2024-01-14 21:23:13","2024-01-14 21:28:42","L580WdQtEfabS5Re6N9mn","0.78"
"1705285518734","2024-01-14 21:25:33","2024-01-14 21:31:35","sMn3RTVUUmK9Rmvf07CQG","0.58"
"1705285577343","2024-01-14 21:26:22","2024-01-14 21:31:11","MUDa_qrFgu7FPZ3XGp0QM","0.42"
"1705285665135","2024-01-14 21:27:53","2024-01-14 21:33:17","n96CONbi14jFR2ZqnKvs3","0.00"
"1705285821087","2024-01-14 21:30:26","2024-01-14 21:32:58","tQ45HKtkigrtf08fvc3lE","0.78"
"1705286126749","2024-01-14 21:35:35","2024-01-14 21:40:37","3iLWhvsuqjAGUeQkvI506","0.73"
"1705286183682","2024-01-14 21:36:30","2024-01-14 21:42:29","MQ6cLxjLTA0hOfdl9jt2p","1.00"
"1705286390974","2024-01-14 21:39:57","2024-01-14 21:46:10","rc59cJ9Ov-7qeskISHu6r","0.41"
"1705286410994","2024-01-14 21:40:17","2024-01-14 21:52:41","mlzA3H-8SyvotKu-Hg104","0.89"
"1705288398540","2024-01-14 22:13:41","2024-01-14 22:19:14","1ZXCe1cwmgPROKF-tqzf9","0.36"
"1705288544290","2024-01-14 22:15:51","2024-01-14 22:24:34","0fM_zMn2_DO61xixzBEjE","0.97"
"1705288948725","2024-01-14 22:23:20","2024-01-14 22:31:27","lxHZHUM0Q4_LKomxRaXNi","0.64"
"1705291661755","2024-01-14 23:07:47","2024-01-14 23:28:20","CmgZBTnM1D9amNTpsNMTp","0.50"
"1705292657392","2024-01-14 23:25:04","2024-01-14 23:54:33","AZ29453vYddSCZFZZ-3rh","0.55"
"1705586013888","2024-01-18 08:53:44","2024-01-18 09:08:15","CYu8_IFo3tVRJQB_yUiLu","0.70"
"1705944942805","2024-01-22 12:35:46","2024-01-22 12:44:42","AgRvlM63C8hFIAjziwn-y","1.00"
"1705944944211","2024-01-22 12:35:56","2024-01-22 12:42:34","iGNbggJhS1lPNerCGJbus","0.00"
"1705944946895","2024-01-22 12:35:55","2024-01-22 12:39:01","WD6cT8vO3iEGOrbOcHHxb","0.66"
"1705944952541","2024-01-22 12:35:57","2024-01-22 12:45:18","YgjcgztH_h9JwKBuv007x","1.00"
"1705944954830","2024-01-22 12:36:01","2024-01-22 12:39:57","SbizosBedfQ7nmPsQo0sR","0.74"
"1705944955127","2024-01-22 12:35:58","2024-01-22 12:45:21","_XCBOu-O8S29oNy-sjM3B","1.00"
"1705944955150","2024-01-22 12:35:57","2024-01-22 12:39:52","F5WD9vhSRfaCKJi1KY9W1","0.94"
"1705944955204","2024-01-22 12:36:40","2024-01-22 12:50:43","K_tI7pVNQgwGSSt5lPXie","0.66"
"1705944961428","2024-01-22 12:36:07","2024-01-22 12:44:18","lkP6Br71VD7JNR4joiBSz","0.47"
"1705944968170","2024-01-22 12:36:12","2024-01-22 12:39:43","wfHeXOm5uBV8kETHQSaCv","0.65"
"1705944972248","2024-01-22 12:36:16","2024-01-22 12:41:53","P_8eFcAbs2oxAjMx0xcdN","0.92"
"1705944980424","2024-01-22 12:36:31","2024-01-22 12:42:17","2CRYoRpyhdhpATKV41SSL","0.67"
"1705945010571","2024-01-22 12:36:55","2024-01-22 12:47:24","_zEsr37uyT-q24hhv2Z77","0.86"
"1705945010715","2024-01-22 12:36:53","2024-01-22 12:39:50","dyaIu7mQeqan29tavfzMy","0.59"
"1705945010835","2024-01-22 12:36:59","2024-01-22 12:43:01","43-R6jX5nWl281zTtx6SM","0.98"
"1705945010966","2024-01-22 12:36:54","2024-01-22 12:45:07","BdSAb5cztzOvWZbjG_B3D","0.88"
"1705945011134","2024-01-22 12:37:10","2024-01-22 12:48:13","eYlE9JzbdCL36DYjbu5Ut","1.00"
"1705945011892","2024-01-22 12:37:07","2024-01-22 12:41:24","e0NBlbI9NL3vYAHiwetwN","1.00"
"1705945012299","2024-01-22 12:37:00","2024-01-22 12:42:43","iroHW-sMKUE07crXNcUx6","0.82"
"1705945012485","2024-01-22 12:37:00","2024-01-22 12:45:06","wst_ykmGwjedgam4litR_","0.00"
"1705945012633","2024-01-22 12:36:58","2024-01-22 12:41:32","uE0H1H676kTF4rULYqJK1","0.57"
"1705945012726","2024-01-22 12:37:00","2024-01-22 12:42:44","0rGOy3KqWShnF52KN7uA4","0.31"
"1705945013085","2024-01-22 12:36:57","2024-01-22 12:41:03","ZYjOe8bbilYLKqZG67CNN","0.87"
"1705945013131","2024-01-22 12:37:12","2024-01-22 12:48:42","M8-Mas_3OG02ZTbCaBIA3","0.89"
"1705945013439","2024-01-22 12:37:01","2024-01-22 12:40:29","CE15dzuC_Pi0_SSQA4Ji4","0.31"
"1705945013768","2024-01-22 12:37:01","2024-01-22 12:42:36","c-1m3WkoRZe-1suTdUS23","0.80"
"1705945013979","2024-01-22 12:37:09","2024-01-22 12:44:14","u86etd57NWDUvn_2vF_Cc","0.84"
"1705945014614","2024-01-22 12:36:57","2024-01-22 12:40:17","fQYRg-ZkzbB-Ow_qtKHW3","0.00"
"1705945014914","2024-01-22 12:37:05","2024-01-22 12:45:18","Z3jNKqPbJt_cjGCu5FpRr","0.84"
"1705945015103","2024-01-22 12:37:02","2024-01-22 12:43:26","UlMRLMx4-TTk6hCs9vwDw","0.87"
"1705945015540","2024-01-22 12:37:00","2024-01-22 12:45:04","RIHZiAIxJDbwTM3t9HqgE","0.82"
"1705945016595","2024-01-22 12:37:34","2024-01-22 12:43:44","pRXcunSPmjiqAOe6uF94L","0.75"
"1705945016714","2024-01-22 12:37:14","2024-01-22 12:42:15","a03eYr0TRM5vTQsK0GDdw","0.17"
"1705945017075","2024-01-22 12:37:30","2024-01-22 12:49:42","IpQ1yjykz04qBmFqtAZQE","0.93"
"1705945018454","2024-01-22 12:37:04","2024-01-22 12:41:47","R5HYzSL3c-CR2SM-pDqvT","0.85"
"1705945018980","2024-01-22 12:37:13","2024-01-22 12:44:18","K0yriGtJEHl7Ny9rzVClt","0.53"
"1705945019519","2024-01-22 12:37:05","2024-01-22 12:48:34","dYHto6nh7wGhSR5EkdEhy","0.48"
"1705945019711","2024-01-22 12:37:03","2024-01-22 12:44:55","KZIupTfWQdduQyGHmfbi8","0.82"
"1705945019808","2024-01-22 12:39:13","2024-01-22 12:48:04","XRjwHHCqcxeNLZj9nZgKS","0.62"
"1705945020489","2024-01-22 12:37:21","2024-01-22 12:47:04","Ibnp0ZPyVdWMGvjooEVD5","0.00"
"1705945022068","2024-01-22 12:37:21","2024-01-22 12:40:34","QMMD3a7G3qJ729E7JqtJn","0.00"
"1705945022195","2024-01-22 12:37:07","2024-01-22 12:41:01","mFXoooIAJ2Vs6XhNlEnC5","0.77"
"1705945023003","2024-01-22 12:37:17","2024-01-22 12:44:49","81RIBbMIf5zYusQLAvpoo","0.00"
"1705945024616","2024-01-22 12:43:03","2024-01-22 12:58:17","PwmX7aJWWmf22R45EiASJ","0.84"
"1705945024810","2024-01-22 12:37:31","2024-01-22 12:45:13","Mb761_zSjZlF2Vpbvntoz","0.88"
"1705945025085","2024-01-22 12:37:12","2024-01-22 12:44:12","4MDF_4gTTJDHI1V8MRyXW","0.50"
"1705945025215","2024-01-22 12:37:14","2024-01-22 12:42:48","nU40hR1Uy_FBOoa0v1-OI","0.68"
"1705945025884","2024-01-22 12:37:14","2024-01-22 12:42:21","VSSTVtdv8OLOrXUJpJbXP","0.24"
"1705945026137","2024-01-22 12:37:09","2024-01-22 12:46:45","JH_LdHYp2d94FUBRmq7cM","1.00"
"1705945028444","2024-01-22 12:37:15","2024-01-22 12:44:54","QwYyxuVSDJ4togPGlup4u","0.36"
"1705945029349","2024-01-22 12:37:15","2024-01-22 12:52:11","ayo-_XDlsVMcMuJpae0qm","0.91"
"1705945029584","2024-01-22 12:37:18","2024-01-22 12:41:51","DUyQQZBuvst3bqAE9BMuk","0.58"
"1705945029718","2024-01-22 12:37:16","2024-01-22 12:43:19","bXdwHEZ7jkUb3dBWYaJSu","0.82"
"1705945032810","2024-01-22 12:37:28","2024-01-22 12:41:23","PDcFn2emegOpBAN0LfxIl","0.69"
"1705945032988","2024-01-22 12:37:17","2024-01-22 12:41:59","XWgAxo9Vj0jfKdPejzg6u","0.30"
"1705945033019","2024-01-22 12:37:54","2024-01-22 12:41:27","24s7pB-OHN4dAwU-ITz1K","0.97"
"1705945035138","2024-01-22 12:37:20","2024-01-22 12:40:45","r4BaE3KFNrW7OXpdaoRuh","0.76"
"1705945040380","2024-01-22 12:37:25","2024-01-22 12:45:10","1_OQqMkUtvSRAc6OgwnPW","0.83"
"1705945041310","2024-01-22 12:37:25","2024-01-22 12:43:35","NzTM5veF1eMlk31qSXeP8","0.88"
"1705945041923","2024-01-22 12:37:27","2024-01-22 12:42:53","lvZIagC0-KkxidkhkahKw","0.48"
"1705945042815","2024-01-22 12:37:27","2024-01-22 12:41:00","HBy1mPv7qmDv8tkLQWPb-","0.84"
"1705945043001","2024-01-22 12:37:34","2024-01-22 12:49:36","5V5J1df3N3gVi-1glSyCZ","0.34"
"1705945045241","2024-01-22 12:37:37","2024-01-22 12:49:48","EDXv0-IVpvBvjpEF-THyc","0.00"
"1705945046235","2024-01-22 12:37:40","2024-01-22 12:49:31","eiDuAJyl_DuyGV34CVHLe","0.00"
"1705945051024","2024-01-22 12:37:40","2024-01-22 12:42:36","0y-8h-sC47SVYudzF7CTT","0.00"
"1705945052807","2024-01-22 12:37:35","2024-01-22 12:49:55","szzNRakd1wNt2EnIgTEp_","0.65"
"1705945053269","2024-01-22 12:40:17","2024-01-22 12:44:46","ivQ4Nfb4V5x7HWuK07GZh","0.71"
"1705945054170","2024-01-22 12:38:46","2024-01-22 12:44:01","q-2NcKXuDYcYGTV5aoNWK","0.00"
"1705945054728","2024-01-22 12:37:40","2024-01-22 12:49:06","vPytc31OsNfQPUYCukIgq","0.00"
"1705945058014","2024-01-22 12:37:47","2024-01-22 12:41:58","9OEzJAZw6SHwihLnFiC3_","0.00"
"1705945058889","2024-01-22 12:37:43","2024-01-22 12:41:52","5Z01LdYEIwDJNd2ppuXaR","0.85"
"1705945060350","2024-01-22 12:40:35","2024-01-22 12:46:25","YTPloqjHpVw47rTtu588n","0.00"
"1705945064444","2024-01-22 12:37:50","2024-01-22 12:42:28","Ez_7OlHoH4gcT-njLbHpq","0.41"
"1705945064584","2024-01-22 12:37:54","2024-01-22 12:44:13","dXnstTCouMjJhp7CCV9j0","0.59"
"1705945065328","2024-01-22 12:37:49","2024-01-22 12:44:55","ODHn_dLrPaT8k5htVAOvO","0.94"
"1705945068489","2024-01-22 12:37:55","2024-01-22 12:45:52","1mhMkMeMr3yWJ14N3_rW_","1.00"
"1705945075083","2024-01-22 12:37:56","2024-01-22 12:41:00","fxTo7g73HJXN-sOLQMW8U","0.28"
"1705945078158","2024-01-22 12:38:17","2024-01-22 12:46:09","OngOa3PsbDLnS9r1ptFk0","0.93"
"1705945078509","2024-01-22 12:38:04","2024-01-22 12:43:24","AFH_zdnMJv77iZR0SbrW7","1.00"
"1705945078822","2024-01-22 12:38:15","2024-01-22 12:42:50","sVWTCbe-ZsrTQiTcV_Fwp","0.78"
"1705945081558","2024-01-22 12:38:07","2024-01-22 12:41:59","bSYVyXfKXs9-qyPLq1tP1","0.69"
"1705945082242","2024-01-22 12:38:09","2024-01-22 12:44:02","Jjj_RQ-pTxU3E30VBS8Qb","0.81"
"1705945083349","2024-01-22 12:38:07","2024-01-22 12:41:51","XE6D3ZHV3BWay1XN5L7V-","0.84"
"1705945084415","2024-01-22 12:38:14","2024-01-22 12:45:58","oyVC15MeobPbiHw9b3t_t","0.77"
"1705945085935","2024-01-22 12:38:10","2024-01-22 12:43:59","9p63Jr8_GR1kFeTrLsY9b","0.61"
"1705945089786","2024-01-22 12:38:25","2024-01-22 12:44:58","CBzsT1oib8bV3UTUGgWi2","0.78"
"1705945093904","2024-01-22 12:38:21","2024-01-22 12:46:27","Pa8z5kxRD0W0NwFYzsoQT","1.00"
"1705945093939","2024-01-22 12:38:20","2024-01-22 12:45:39","gu7HyqUeMvsd3Jmfe0j2J","0.68"
"1705945096407","2024-01-22 12:38:22","2024-01-22 12:43:52","limSIZ5M2CCuzgrevr-hV","0.70"
"1705945102099","2024-01-22 12:43:35","2024-01-22 13:09:28","IAzeR6VpE5M02rO7S7x25","0.59"
"1705945102425","2024-01-22 12:38:25","2024-01-22 12:43:07","pbzQyyHEaLvodbxq_SP98","0.67"
"1705945103483","2024-01-22 12:38:27","2024-01-22 12:45:52","2tj6xFEBxpvNBBgPGeVrp","0.79"
"1705945103695","2024-01-22 12:42:10","2024-01-22 12:49:12","BT2Pq4YS63vzt-DQOZWfa","0.82"
"1705945105880","2024-01-22 12:38:43","2024-01-22 12:47:54","sDc1MWqzccLUs5ONBvx48","0.72"
"1705945108881","2024-01-22 12:39:00","2024-01-22 12:47:49","xLwM-VgVj5QeNr3hHFBj-","0.29"
"1705945109650","2024-01-22 12:38:42","2024-01-22 12:44:34","WZFETf7qwh9TWjeeXroRd","0.94"
"1705945110901","2024-01-22 12:38:53","2024-01-22 12:47:57","dMcE3pnQu_OEK_UZdFtY_","0.70"
"1705945114883","2024-01-22 12:38:38","2024-01-22 12:49:08","7E792eBWquPAM4dBlAOEp","0.93"
"1705945115312","2024-01-22 12:39:21","2024-01-22 12:45:56","gJMLMxkIc-4m-bki8Q6ZK","0.60"
"1705945117174","2024-01-22 12:39:00","2024-01-22 12:45:58","MuzKOWtB1XtEpVp9D8Ce5","0.65"
"1705945117679","2024-01-22 12:40:35","2024-01-22 12:51:31","s3CeESTj5aIylFCdKvAGd","0.63"
"1705945118387","2024-01-22 12:38:47","2024-01-22 12:49:49","CWBtBRtj0JbWxg8Dwh8PX","0.89"
"1705945120123","2024-01-22 12:38:49","2024-01-22 12:49:08","0e0oGR48XBJB7CoEyiz0u","0.62"
"1705945121298","2024-01-22 12:39:48","2024-01-22 12:43:54","YlmG5aA_j19GQ35rkFXWB","0.53"
"1705945122344","2024-01-22 12:38:44","2024-01-22 12:42:51","I19brL4zhoER34PwwPXWH","0.24"
"1705945123129","2024-01-22 12:38:49","2024-01-22 12:50:18","X7FFWS2mKmFH9k2-le5qt","1.00"
"1705945124393","2024-01-22 12:38:47","2024-01-22 12:42:17","2vaqNSybxH-Lv2abwcrGP","0.61"
"1705945127540","2024-01-22 12:38:52","2024-01-22 12:50:06","nSdje2Q8oYKFw6L2P8p3D","0.81"
"1705945128908","2024-01-22 12:38:54","2024-01-22 12:42:21","fmU1KoX3aLdgJ9XoEL0it","0.87"
"1705945130600","2024-01-22 12:40:01","2024-01-22 12:56:00","hKbv-5oxYfhoYQvieWIyU","0.78"
"1705945132390","2024-01-22 12:40:01","2024-01-22 12:46:04","azMo1BlOU-aDZmIs_NHBa","0.68"
"1705945134897","2024-01-22 12:39:03","2024-01-22 12:43:45","V73IA06tWZP1-Omj9oTpC","0.67"
"1705945136616","2024-01-22 12:39:05","2024-01-22 12:43:49","hZeay-V2dvihJbHulmg9B","0.79"
"1705945139804","2024-01-22 12:42:07","2024-01-22 12:52:51","ml8jed2JYnMmk-OVYpqtr","0.87"
"1705945140669","2024-01-22 12:39:13","2024-01-22 12:51:23","yGRR8aycPL9Qt0Ap64zFd","0.59"
"1705945142666","2024-01-22 12:39:53","2024-01-22 12:52:37","7kfxWsfbSnkHA3iIMG8uO","0.79"
"1705945142820","2024-01-22 12:39:11","2024-01-22 12:46:08","5olQ_IJ-LocOEzQBCnt2t","0.92"
"1705945145587","2024-01-22 12:39:32","2024-01-22 12:52:25","A91BAJpSYXRa06H8CZjcV","0.94"
"1705945149027","2024-01-22 12:40:03","2024-01-22 12:52:47","ZJdK5aH2A4FicLFx88bC1","0.78"
"1705945152729","2024-01-22 12:39:25","2024-01-22 12:43:17","LjB3VDLrBTXmWkzDxZJPb","1.00"
"1705945152793","2024-01-22 12:39:24","2024-01-22 12:57:33","abSbMF-PhZ-TEwAqSxpNn","1.00"
"1705945157365","2024-01-22 12:39:22","2024-01-22 12:43:23","XlpzhQgAUi6Z9xhn8cWRM","0.84"
"1705945157807","2024-01-22 12:39:23","2024-01-22 12:47:02","hv8dgBJyw1MXRvFjkaUCV","0.56"
"1705945161197","2024-01-22 12:39:24","2024-01-22 12:44:33","D4RDIeuTUkxicXDtzjRrr","0.94"
"1705945161811","2024-01-22 12:39:25","2024-01-22 12:47:16","DB3_Fr_VbvrkloFwUyS5H","0.25"
"1705945162096","2024-01-22 12:47:34","2024-01-22 13:01:53","6_LYZw7zEsOt-FBUKUxmR","0.22"
"1705945168543","2024-01-22 12:39:33","2024-01-22 12:47:22","SjvwRo4z9RdkddjojU-Vn","0.54"
"1705945171430","2024-01-22 12:39:36","2024-01-22 12:45:58","qEB92Wv2VU_Ig8eT-yDMJ","0.76"
"1705945179126","2024-01-22 12:40:06","2024-01-22 12:46:54","Lna0wjR97X5qXMGuI2gip","0.42"
"1705945179409","2024-01-22 12:39:44","2024-01-22 12:44:13","isp4k9i9wT-E8rvjbMMcZ","0.81"
"1705945180974","2024-01-22 12:39:45","2024-01-22 12:46:20","SEmgYMjou_xQGtNSW198Z","0.27"
"1705945181415","2024-01-22 12:39:44","2024-01-22 12:44:33","8JFEVroc8X7R3ErDSY8Km","1.00"
"1705945181715","2024-01-22 12:40:50","2024-01-22 12:56:04","PWqPd2ou_UOFREia9sRqa","0.72"
"1705945182457","2024-01-22 12:40:10","2024-01-22 12:46:52","iw7orghMhsLHVkXQ3YyIy","0.97"
"1705945191531","2024-01-22 12:41:16","2024-01-22 12:51:45","POIcVRfguUW8l-EmvOdRU","0.85"
"1705945193192","2024-01-22 12:39:57","2024-01-22 12:52:57","1RPUR-azJ76U_Oz1NqVf-","1.00"
"1705945193448","2024-01-22 12:40:00","2024-01-22 12:45:52","SX7PFKiAfOiKO1xd_h5G9","0.83"
"1705945196945","2024-01-22 12:40:00","2024-01-22 12:45:49","t5H0i6vXoIJcQR-fNUCRF","0.94"
"1705945198982","2024-01-22 12:40:15","2024-01-22 12:45:43","02fQXas0ZW6IfA2CRNG9e","0.46"
"1705945199408","2024-01-22 12:40:07","2024-01-22 12:45:56","YxRFk3FwOBomK5w5KlhJv","0.66"
"1705945202375","2024-01-22 12:40:07","2024-01-22 12:47:03","wORnAlphwo9J47UYvf_kH","0.88"
"1705945203704","2024-01-22 12:40:18","2024-01-22 12:48:21","vDQPFfvVvw1kpJfFuRhvK","0.50"
"1705945204400","2024-01-22 12:40:09","2024-01-22 12:45:32","a0VBZhJ70VCvTFIWtz_MM","1.00"
"1705945205287","2024-01-22 12:40:11","2024-01-22 12:42:57","QM2On97DbxYRqoNBYZvmo","0.00"
"1705945208133","2024-01-22 12:40:41","2024-01-22 12:51:09","qvtaLNOW8aiKdsWyVMCma","1.00"
"1705945216604","2024-01-22 12:40:27","2024-01-22 12:50:08","Q2TJhJ-L2Kds3JHm3sN5H","0.87"
"1705945227276","2024-01-22 12:40:33","2024-01-22 12:46:39","Ww19sawO4aHLmZ9wRIbzo","0.42"
"1705945234688","2024-01-22 12:40:59","2024-01-22 12:48:32","7aOXVQ92DpyFStrrzN-LO","0.78"
"1705945248318","2024-01-22 12:40:53","2024-01-22 12:46:40","Q1aIPFfbrv85zly4Qppqp","0.52"
"1705945251199","2024-01-22 12:40:55","2024-01-22 12:44:59","PiBXAcHGsZeUTAfsoJHLi","0.62"
"1705945254062","2024-01-22 12:41:00","2024-01-22 12:49:48","_qBXiI-WqWcXC767BN1W0","0.60"
"1705945257950","2024-01-22 12:41:01","2024-01-22 12:46:15","G1APZMpgk0EPcMeboj5EG","0.78"
"1705945259457","2024-01-22 12:41:10","2024-01-22 12:45:03","Fb3iREIhWcm_FC4oTe5K9","0.68"
"1705945281118","2024-01-22 12:41:28","2024-01-22 12:46:57","j57Aqx7xBsU3OuUx6raMj","0.82"
"1705945283042","2024-01-22 12:41:34","2024-01-22 12:46:36","quAvyiSGBJifAekuFWcmx","0.83"
"1705945284036","2024-01-22 12:41:28","2024-01-22 12:45:49","RGaLQTS7o3iO4s5d9ZaXq","0.72"
"1705945286715","2024-01-22 12:41:32","2024-01-22 12:47:06","BHUZAGUyxcT40QOvH4PUB","0.77"
"1705945289600","2024-01-22 12:41:36","2024-01-22 12:47:44","j83nMudSoZiCoewhmuGue","0.67"
"1705945291357","2024-01-22 12:41:54","2024-01-22 12:50:31","mil1fD8vfnRyvztIrpLC_","0.48"
"1705945292718","2024-01-22 12:41:36","2024-01-22 12:48:41","6OwJP0HAtUcywEuuIBWyD","1.00"
"1705945294770","2024-01-22 12:41:39","2024-01-22 12:47:42","mxSUP9rvgmmQ-WIyudQTG","0.65"
"1705945296059","2024-01-22 12:41:45","2024-01-22 12:48:19","aoYtMxFDD2wJ4NHnyU81f","0.74"
"1705945302246","2024-01-22 12:41:49","2024-01-22 12:47:44","f61C4FcUtOMjQBFs2gazC","0.00"
"1705945309551","2024-01-22 12:41:55","2024-01-22 12:44:50","DM04Nzsjsyk0I_XgdLC07","0.33"
"1705945310246","2024-01-22 12:42:03","2024-01-22 12:47:04","o7Ib1tUWsJ1WJ5DbUHI5Z","1.00"
"1705945312276","2024-01-22 12:41:59","2024-01-22 12:51:47","V8C_S7B_m72Gl3HU_lKLV","0.91"
"1705945318139","2024-01-22 12:42:05","2024-01-22 12:46:55","5nDwmWn6DF86RIPlHjpxM","0.00"
"1705945322849","2024-01-22 12:42:07","2024-01-22 12:48:07","MWPERnzaYBkmsxQvoRWar","1.00"
"1705945331095","2024-01-22 12:42:16","2024-01-22 12:46:31","SY-xlgvHMYXPwqSzmlAWN","0.33"
"1705945331122","2024-01-22 12:42:21","2024-01-22 12:48:34","RtUs_DJtfn0lOvBckxwPJ","0.00"
"1705945334357","2024-01-22 12:42:33","2024-01-22 12:48:57","FjEtZTKrfWUuA7DgxA7eN","0.00"
"1705945341321","2024-01-22 12:42:32","2024-01-22 12:54:23","V9CHGqgspBLBXb2VdhRLH","0.00"
"1705945343544","2024-01-22 12:42:30","2024-01-22 12:44:21","i9J7zYanWVEHozHKXonK9","0.14"
"1705945346050","2024-01-22 12:51:21","2024-01-22 13:24:47","D_sNmKa9HZ0uP82v1zHqb","0.33"
"1705945348292","2024-01-22 12:44:39","2024-01-22 12:55:12","vUpkGy-CeNgM54YSrm9su","0.63"
"1705945348422","2024-01-22 12:43:09","2024-01-22 12:49:30","FLHEB9yWpMtdZQ93TOnp7","1.00"
"1705945348609","2024-01-22 12:42:32","2024-01-22 12:48:54","TMl9esls6Tv9Sli0D-8cs","0.00"
"1705945353463","2024-01-22 12:42:36","2024-01-22 13:06:05","nOqw9LwEHAn5C7-qz9P-P","1.00"
"1705945353734","2024-01-22 12:42:53","2024-01-22 12:49:18","vjViiX8PYduJB2ovdZhnW","0.58"
"1705945353999","2024-01-22 12:42:41","2024-01-22 12:55:52","B3mJ6zC3c0Tupom_XouUO","1.00"
"1705945354412","2024-01-22 12:43:19","2024-01-22 12:51:15","ZcoqgQFmepCJep3sUqHYc","0.92"
"1705945357771","2024-01-22 12:43:16","2024-01-22 12:47:24","5i6LfjaarFKFMd14g1bn5","0.00"
"1705945362027","2024-01-22 12:44:42","2024-01-22 12:52:08","yFPRKqXLIA5C6-iYsNDvW","0.72"
"1705945364809","2024-01-22 12:42:48","2024-01-22 12:46:48","YtcHsHBLM8JvJqXJ_iWi4","0.71"
"1705945366954","2024-01-22 12:42:54","2024-01-22 12:48:40","HOgk7-hMhEz7qV1ZwIRnj","1.00"
"1705945368575","2024-01-22 12:42:54","2024-01-22 12:52:06","vhugUfR8IY6sLSTyheT6L","0.00"
"1705945368733","2024-01-22 12:42:53","2024-01-22 12:46:09","uYhABm6OnSKxFqjEPH4wD","0.90"
"1705945385850","2024-01-22 12:43:08","2024-01-22 12:49:24","uH4KVaaa4v7q3sssazagb","1.00"
"1705945389055","2024-01-22 12:43:20","2024-01-22 12:46:41","5Jl2kr1XwHtKZ99UUVZ1R","0.53"
"1705945391656","2024-01-22 12:43:15","2024-01-22 12:46:38","zRfJewDAinCKxxz2_aV6e","0.69"
"1705945392916","2024-01-22 12:43:16","2024-01-22 12:52:38","Ov5LFqtEhBAvn9wnMGwVg","0.87"
"1705945394893","2024-01-22 12:43:23","2024-01-22 12:48:22","4uMlWKXMWtCQiSMTyJwya","0.73"
"1705945398493","2024-01-22 12:43:33","2024-01-22 12:49:21","upMCocbqygIckdwEHKN1i","0.81"
"1705945403288","2024-01-22 12:43:38","2024-01-22 12:50:24","lQtVohP-VYI9fbrzh1o9C","0.00"
"1705945405339","2024-01-22 12:43:32","2024-01-22 12:48:25","RURdwd89J1LegK7_6u2pQ","0.62"
"1705945409897","2024-01-22 12:43:34","2024-01-22 12:50:59","B_anxcLTwG0EKQ7JLgePG","0.92"
"1705945411544","2024-01-22 12:43:43","2024-01-22 12:49:28","YaUkjuEzfkpMZDkgvmSAr","0.97"
"1705945411604","2024-01-22 12:43:35","2024-01-22 12:48:09","2-rMAielcDvJ0kkzh1QDQ","0.32"
"1705945415274","2024-01-22 12:43:39","2024-01-22 12:49:47","-aamSUyUhbKmyqoqIi0-L","0.98"
"1705945418408","2024-01-22 12:43:42","2024-01-22 12:47:44","KjrGUnS-WuXVwgx0e7hA6","0.17"
"1705945419095","2024-01-22 12:43:46","2024-01-22 12:50:40","L1NyiWrJTHjy9ESxlDGZs","0.58"
"1705945420940","2024-01-22 12:44:04","2024-01-22 12:59:22","ZOqcjVnG-y-KlfFORkcSo","0.73"
"1705945421991","2024-01-22 12:43:48","2024-01-22 12:47:18","4Yon0VHMi5_R5Kfn9k1wp","0.77"
"1705945423046","2024-01-22 12:43:52","2024-01-22 12:51:10","t3Va4hTb8V1qMOoRylO0_","0.57"
"1705945426545","2024-01-22 12:43:49","2024-01-22 12:51:03","WR-6znnwwwHdK20RAG2B_","0.90"
"1705945433431","2024-01-22 12:44:15","2024-01-22 12:46:51","qDHXMJBpz07YfwhBlO5xS","0.74"
"1705945436403","2024-01-22 12:44:40","2024-01-22 12:56:06","1ABoqaeO1NSddNhmqi8TO","0.82"
"1705945450119","2024-01-22 12:44:15","2024-01-22 12:48:27","D0m3UIJ7cjwcyXmt51OSO","0.82"
"1705945458929","2024-01-22 12:44:43","2024-01-22 13:04:53","EMSrFb3Xg_97LwdujVAB-","0.60"
"1705945462152","2024-01-22 12:44:50","2024-01-22 13:20:36","h9sDZav15RGIjTuBkUTRb","0.76"
"1705945467193","2024-01-22 12:44:41","2024-01-22 12:47:05","NeZuLlD-dpgVGWAnS-f00","0.30"
"1705945467847","2024-01-22 12:44:30","2024-01-22 12:47:19","H0iVO6tsO5YrAQ3Kp5eVn","0.76"
"1705945470604","2024-01-22 12:44:53","2024-01-22 12:54:18","n3CWlUduWe4KRLYjaMpE_","0.99"
"1705945473084","2024-01-22 12:48:11","2024-01-22 12:51:40","keiig10IPJHbbWIp0lHF0","0.00"
"1705945476350","2024-01-22 12:44:46","2024-01-22 12:52:41","4r3FlsvWHTgtqNGd99gt1","0.00"
"1705945478038","2024-01-22 12:44:44","2024-01-22 12:51:09","Hl7-QMZHU0SJrmoW7Flis","0.69"
"1705945484539","2024-01-22 12:45:25","2024-01-22 12:56:48","Ta41UO--AQXWfiA4TC916","0.97"
"1705945488117","2024-01-22 12:45:05","2024-01-22 12:55:20","2jLnOlozDjB6IzgM6oxk2","0.81"
"1705945494784","2024-01-22 12:45:19","2024-01-22 12:58:59","C5fbwKBciUdyv-ca0roi-","0.82"
"1705945499923","2024-01-22 12:45:04","2024-01-22 13:06:11","uKrH8Fc3qXxpYtrvPSnfs","0.95"
"1705945500457","2024-01-22 12:45:10","2024-01-22 12:51:47","dZa2SQzaDLrm71Q53V-XN","1.00"
"1705945517680","2024-01-22 12:45:22","2024-01-22 12:51:04","7KVAau9PeZDG7pjbQSl8-","1.00"
"1705945519245","2024-01-22 12:45:29","2024-01-22 12:53:42","2O1cWdXSxTyKQUj_flzJa","0.67"
"1705945520207","2024-01-22 12:45:23","2024-01-22 12:55:40","xm-9jQIFccegMKWFcpK4n","1.00"
"1705945524980","2024-01-22 12:45:28","2024-01-22 12:51:56","pR7urZLNSMLfJ7K4LmW3I","0.77"
"1705945525756","2024-01-22 12:45:34","2024-01-22 12:50:57","YgSI0HbzAzgHcQonjbRyJ","0.37"
"1705945526215","2024-01-22 12:45:31","2024-01-22 12:50:32","Ep3xR0D3RejfmsUQl8xUU","0.97"
"1705945526333","2024-01-22 12:46:37","2024-01-22 12:52:38","a06jfISUgrVpB0jUxUbRi","0.65"
"1705945534446","2024-01-22 12:47:06","2024-01-22 12:53:20","78jVtngjGm49tSyh3OFut","0.00"
"1705945537121","2024-01-22 12:45:41","2024-01-22 12:51:49","s8b3YOjFxAcKIoHP-fK1Q","0.00"
"1705945543334","2024-01-22 12:45:53","2024-01-22 12:59:41","szJ3DgGr-KP3vx_YoiVoH","0.00"
"1705945544403","2024-01-22 12:46:06","2024-01-22 12:55:25","hO0O9JjJdw2Kwntukmq3r","0.00"
"1705945557474","2024-01-22 12:46:01","2024-01-22 13:01:03","QPAMQKd6x2oh7fh0Ksge6","1.00"
"1705945557546","2024-01-22 12:46:00","2024-01-22 12:49:12","PYZgAoQcD5xSg_dFPvzkW","0.49"
"1705945564484","2024-01-22 12:46:09","2024-01-22 12:52:14","YXXmFG0W5NX_X2sDSuN8v","0.64"
"1705945566367","2024-01-22 12:46:10","2024-01-22 12:51:38","GcOrnV15CHbnu4om5DB36","0.81"
"1705945571248","2024-01-22 12:46:22","2024-01-22 13:14:04","in231YFPMVTnhEZ9wVg7d","0.00"
"1705945572219","2024-01-22 12:46:16","2024-01-22 12:51:20","F6Po0XR8PDsWoZnRtdSh4","1.00"
"1705945573055","2024-01-22 12:46:31","2024-01-22 12:53:21","px-U2ZT38H_biWY3huJHy","0.00"
"1705945573327","2024-01-22 12:46:17","2024-01-22 12:50:32","rFmjaHa-2hYjKrbz1NVUS","0.74"
"1705945575033","2024-01-22 12:46:21","2024-01-22 12:55:43","1V4HtgpVkbsH1D8j8ywvc","0.46"
"1705945578485","2024-01-22 12:46:33","2024-01-22 12:53:50","uqbQSVeuZrhH_ep3f1mxH","1.00"
"1705945581190","2024-01-22 12:46:26","2024-01-22 12:54:13","fUQ-q2P6kJfWMzcsJyZVX","0.86"
"1705945582608","2024-01-22 12:46:28","2024-01-22 12:49:00","0zPPANPKdGbMGV0uzl-UI","0.20"
"1705945585007","2024-01-22 12:46:32","2024-01-22 12:51:37","ZsrMUqlZSC1U5CfYHiVo1","0.87"
"1705945585593","2024-01-22 12:46:31","2024-01-22 12:50:23","JnTUm0ehghIKe79n4DuyI","0.64"
"1705945589721","2024-01-22 12:46:33","2024-01-22 13:02:29","TxOAUwb_dvmZDhQLAtSu_","0.23"
"1705945593486","2024-01-22 12:46:36","2024-01-22 12:58:11","jbYyj6ur8hMkTU27s8eC6","0.73"
"1705945595851","2024-01-22 12:47:13","2024-01-22 12:52:50","s9H1luBScgjGAfAdjJdAQ","0.63"
"1705945600756","2024-01-22 12:46:44","2024-01-22 12:49:59","eSYEYdL4tRMJKSyN5VymB","0.63"
"1705945604367","2024-01-22 12:46:50","2024-01-22 12:53:04","j5dYpmtT7FmTnX4tzZYUj","0.66"
"1705945607498","2024-01-22 12:47:32","2024-01-22 12:54:31","bU2YpvDdyZaVfU55DuP61","0.78"
"1705945610044","2024-01-22 12:47:11","2024-01-22 12:56:16","m8cMa-h16yed2zxPJSJ0P","0.83"
"1705945611933","2024-01-22 12:46:54","2024-01-22 12:53:40","gC00lgRs6RC-Sx10DoCUU","0.93"
"1705945614408","2024-01-22 12:47:00","2024-01-22 12:51:29","ekDWQe3KkFF2e90F-tU_M","0.83"
"1705945617217","2024-01-22 12:47:01","2024-01-22 12:51:40","rNbDGvNCYYJueFLUq0tJv","0.77"
"1705945620943","2024-01-22 12:47:03","2024-01-22 13:01:41","mcEXgCL2NL0kMtjKAEpjf","0.74"
"1705945623282","2024-01-22 12:47:07","2024-01-22 12:55:29","ongZDx2xcW-R5t5qKcCez","0.79"
"1705945626492","2024-01-22 12:47:19","2024-01-22 12:51:51","VUHiO81AhGbc4ZIBAOaoJ","0.79"
"1705945631836","2024-01-22 12:47:16","2024-01-22 13:02:30","MiFqrksEspvZWU8SIedWj","0.60"
"1705945635566","2024-01-22 12:47:18","2024-01-22 12:52:06","8gHedLG9hZx95i4lXjBLs","0.70"
"1705945642889","2024-01-22 12:47:42","2024-01-22 12:53:03","4UVCrNSHeA3HASk75qGJq","0.84"
"1705945647597","2024-01-22 12:47:30","2024-01-22 12:51:40","zz_1enuaJDAK9W7zVHW21","0.80"
"1705945652061","2024-01-22 12:47:42","2024-01-22 12:52:57","hxO7w1HqshUnL4OE4mv-m","0.80"
"1705945654360","2024-01-22 12:47:58","2024-01-22 12:51:46","9EIZ8DCIG0Q-1E-yx2Qko","0.72"
"1705945661247","2024-01-22 12:58:46","2024-01-22 13:04:40","-IgLoZSZSCPaqy7Tv8Fio","0.78"
"1705945663353","2024-01-22 12:49:13","2024-01-22 13:05:57","TB5ri394UmHvrLxetWzZI","0.44"
"1705945667638","2024-01-22 12:47:57","2024-01-22 12:54:10","qOJuXIIwDBnlwkXlRfQQX","0.32"
"1705945675317","2024-01-22 12:48:00","2024-01-22 12:51:03","ba6l0o7rGchWRsa8wrMAO","0.48"
"1705945677699","2024-01-22 12:48:03","2024-01-22 12:50:08","YkjUsU6ArcA_7JfaRMp9n","0.70"
"1705945686427","2024-01-22 12:48:29","2024-01-22 12:58:30","OQQrxty97o8VQLzg-qIS_","0.28"
"1705945696406","2024-01-22 12:48:31","2024-01-22 12:56:02","5IZVU63YJCs7y-GjIIa87","0.21"
"1705945696905","2024-01-22 12:48:22","2024-01-22 12:54:22","AupUl10AyjxpFiVB5_3v4","0.85"
"1705945706373","2024-01-22 12:48:30","2024-01-22 13:00:23","CapXOhq9DZ6U1OiysU7V3","0.76"
"1705945706443","2024-01-22 12:48:35","2024-01-22 13:02:29","jbGGQuYC18hO2NSQ8w8cx","0.68"
"1705945708312","2024-01-22 12:48:32","2024-01-22 12:53:12","REe44nqtEC3c_r4aaG9mH","1.00"
"1705945713542","2024-01-22 12:48:39","2024-01-22 12:52:16","GYRlYYaUhrr3MY_ZaDNgg","0.34"
"1705945716523","2024-01-22 12:48:49","2024-01-22 12:54:34","L22UJcXJm7vQ3en3sjxFT","0.80"
"1705945716741","2024-01-22 12:48:55","2024-01-22 12:56:59","rtCspysgRKEisT4zxGSxV","0.56"
"1705945721582","2024-01-22 12:48:47","2024-01-22 12:53:59","6n_Uz7OzDKcI-mbVNmRmv","0.96"
"1705945726000","2024-01-22 12:49:08","2024-01-22 12:56:24","qw0gObFvFFVy_bmmodwPx","0.55"
"1705945727257","2024-01-22 12:49:09","2024-01-22 12:57:47","Ud1N1sUroH55QTLteem3A","0.53"
"1705945727976","2024-01-22 12:48:56","2024-01-22 12:59:09","qEecWvUjswcpah664GRdo","0.94"
"1705945729576","2024-01-22 12:48:56","2024-01-22 12:54:24","JGpEOVFv042V92Wy81NYN","0.00"
"1705945732783","2024-01-22 12:48:55","2024-01-22 12:51:40","Br-qpyU77m1xulEhv5e9j","0.82"
"1705945735243","2024-01-22 12:49:17","2024-01-22 12:53:54","_VF20hRTkP0oh1ktgf6yT","0.35"
"1705945742761","2024-01-22 12:50:35","2024-01-22 12:57:29","6zDFI2nHYR52CN8VxqR7y","0.54"
"1705945759590","2024-01-22 12:49:25","2024-01-22 12:55:45","zx_JUbMtR3n-Q9UMEf4RT","0.91"
"1705945764680","2024-01-22 12:49:30","2024-01-22 12:57:09","-y26CkMrFR-BzGnEBu6sC","0.58"
"1705945770877","2024-01-22 12:49:35","2024-01-22 12:54:46","6SbWdNFP915nIhJifKHN-","0.64"
"1705945777132","2024-01-22 12:49:41","2024-01-22 12:55:30","OYOXlAyimwSJyZkWNl6pn","0.73"
"1705945781287","2024-01-22 12:49:45","2024-01-22 12:53:48","YqHRwRA27ytMsH5ugfd0j","0.50"
"1705945783930","2024-01-22 12:51:23","2024-01-22 12:55:18","TV2qPmqv3Hy4rHQ05_ZIp","0.25"
"1705945789636","2024-01-22 12:49:57","2024-01-22 12:54:44","nYEfDgf0joZ50S_x76OEe","0.25"
"1705945793380","2024-01-22 12:50:19","2024-01-22 12:57:42","sjqwJLs6CN6OWorMKVy4f","0.60"
"1705945798113","2024-01-22 12:51:25","2024-01-22 12:55:59","SpPt-uDuTINOInRGE53M6","0.70"
"1705945807065","2024-01-22 12:50:57","2024-01-22 13:00:04","bW2WIlXhzNpLE94LE-axV","0.94"
"1705945807529","2024-01-22 12:50:11","2024-01-22 12:56:09","MJYY1wxVbG9edPZiAPuvs","0.73"
"1705945811995","2024-01-22 12:50:19","2024-01-22 12:55:48","NSCtDKv8MYgXK-WqY-89D","0.85"
"1705945819596","2024-01-22 12:50:28","2024-01-22 12:55:55","zuNR8cHVmzVOOO0yuZRzl","0.72"
"1705945821836","2024-01-22 12:50:32","2024-01-22 12:58:39","SsiafPy_ea-PNPqBkuLtE","1.00"
"1705945825195","2024-01-22 12:50:29","2024-01-22 12:54:36","5OyV8w08Up823iqkAGu03","0.92"
"1705945825963","2024-01-22 12:50:31","2024-01-22 12:54:49","Wzm1eSAn_aBAN4ATTDRCL","0.00"
"1705945826664","2024-01-22 12:51:07","2024-01-22 12:56:57","9UdcMdzXpJ8S6CMHTV3bc","0.78"
"1705945856819","2024-01-22 12:51:03","2024-01-22 12:56:48","TQzmm5SLEHD943V0rtcIW","1.00"
"1705945866114","2024-01-22 12:51:28","2024-01-22 13:00:56","y75qjJK2RthNpDhbbo37N","0.79"
"1705945878775","2024-01-22 12:51:23","2024-01-22 12:57:15","ikphB4rN09dEphxs3klaj","1.00"
"1705945880706","2024-01-22 12:51:53","2024-01-22 13:00:34","wUi4NU-i9YD8Z0tyBUHok","1.00"
"1705945881982","2024-01-22 12:51:29","2024-01-22 12:56:50","RprvuUSkY00PtutOP-tD5","0.00"
"1705945882330","2024-01-22 12:51:39","2024-01-22 13:06:03","veQkPfPG_I_JXLsVtUFlv","0.72"
"1705945884327","2024-01-22 12:51:30","2024-01-22 12:57:42","tEGitCNsyeTc-JNC3K2Ij","0.69"
"1705945888094","2024-01-22 12:52:20","2024-01-22 13:01:43","PPbcqUBH_pYq3nql2Qo48","0.21"
"1705945889856","2024-01-22 12:51:45","2024-01-22 12:59:45","HcZLIuu6uhrSArwuJiBD5","0.83"
"1705945894756","2024-01-22 12:51:43","2024-01-22 13:02:31","2giOQMrDt99LmxLMQHAO0","0.72"
"1705945896332","2024-01-22 12:51:41","2024-01-22 12:58:43","e6meHDgo6ZscIizPJX-HQ","1.00"
"1705945898938","2024-01-22 12:53:36","2024-01-22 13:02:03","rcnWyUN54-UtqXRhiMSB9","1.00"
"1705945900630","2024-01-22 12:51:44","2024-01-22 12:56:01","cZ5_e5hoBfJ6mt0IEPS6B","0.62"
"1705945901699","2024-01-22 12:51:48","2024-01-22 12:57:40","_KFSK5fpOoObIip4J9m8w","1.00"
"1705945910514","2024-01-22 12:51:53","2024-01-22 13:00:59","4fRWEqL-voPNc_6rbYccX","0.81"
"1705945917969","2024-01-22 12:52:04","2024-01-22 13:01:35","fXLycNgAQkmhcGVGANV-J","0.82"
"1705945933483","2024-01-22 12:52:23","2024-01-22 12:59:25","FkhCy-nURxIwqAjCFT0Mi","0.55"
"1705945946878","2024-01-22 12:52:36","2024-01-22 12:56:47","gcWiQDWrDEf5vC1Jp490a","0.88"
"1705945961360","2024-01-22 12:52:45","2024-01-22 13:00:09","QPDdilz5Ig4jOLXIO4RSJ","0.76"
"1705945963796","2024-01-22 12:52:49","2024-01-22 12:55:38","ZfnAiJe9UW1V4OKzCLb2A","0.68"
"1705945964123","2024-01-22 12:53:10","2024-01-22 13:00:56","KLesxwGcB6ysIfmP6zJOr","0.47"
"1705945965678","2024-01-22 12:53:05","2024-01-22 12:59:24","O5px72Q1I_JE5z6amKngc","0.92"
"1705945979624","2024-01-22 12:54:45","2024-01-22 12:57:17","gaUPHdDWfb7l2ZJn9PVfW","1.00"
"1705945982121","2024-01-22 12:54:17","2024-01-22 12:59:52","j_RIRtWp1N9EZSsRQqejr","0.79"
"1705945982997","2024-01-22 12:53:28","2024-01-22 12:56:39","I9K4g59WkHM8E_dCq3DWA","0.84"
"1705945991762","2024-01-22 12:53:31","2024-01-22 12:59:10","GtoJzmp5iQ40AkuDy_7Ri","1.00"
"1705946021606","2024-01-22 12:53:59","2024-01-22 13:01:35","QFEjHaJc9zflJCPSSSM2q","0.71"
"1705946025357","2024-01-22 12:54:18","2024-01-22 12:59:50","ma3Em1NoHZwmWmZovBP1T","0.00"
"1705946026981","2024-01-22 12:53:56","2024-01-22 12:58:14","E6ZjpC-zKg2nsbczBwun3","0.36"
"1705946037064","2024-01-22 12:54:13","2024-01-22 13:04:09","Lbf0ARQLBINoW-LN3WWC4","1.00"
"1705946048070","2024-01-22 12:54:16","2024-01-22 12:58:47","MFjhIONXboJWn1zRsvOWv","0.83"
"1705946054802","2024-01-22 12:54:23","2024-01-22 13:04:35","Q0tuk-fNCenKFeQOVnFIF","0.49"
"1705946055898","2024-01-22 12:54:19","2024-01-22 13:01:11","CWo0DBbOBmBbyRFTMw8Vs","0.72"
"1705946057208","2024-01-22 12:54:27","2024-01-22 13:01:31","2pfLtcjhytMad6QQtIukj","0.68"
"1705946065307","2024-01-22 12:54:52","2024-01-22 13:06:01","ln5G8s12YExWV_sGjDgVO","0.44"
"1705946066826","2024-01-22 12:54:34","2024-01-22 13:31:03","i3johTpjh09auZNB47AnP","0.90"
"1705946081164","2024-01-22 12:54:51","2024-01-22 12:59:07","qTDXHOiIcfKFmn30j1CHY","0.00"
"1705946101554","2024-01-22 12:59:57","2024-01-22 13:06:50","hdD97g5nNEljVOqLh_uDu","0.24"
"1705946105849","2024-01-22 12:55:27","2024-01-22 13:05:42","Yk5lvyV9kgQMk2Gwi_RW4","0.38"
"1705946115185","2024-01-22 12:55:36","2024-01-22 13:06:59","ZCNpZT6M9y4YuBCMz-BAE","0.60"
"1705946118774","2024-01-22 12:55:50","2024-01-22 13:01:55","ebMnkAjGODdHJ9bCX506w","0.61"
"1705946122664","2024-01-22 12:55:28","2024-01-22 13:00:43","P_Cdz-5KulufaHQWRbKkU","0.88"
"1705946129256","2024-01-22 12:55:41","2024-01-22 13:05:41","cPpXSJIKPzIjnkZhRCmvT","0.94"
"1705946135405","2024-01-22 12:55:42","2024-01-22 13:02:01","d2p-bIOekZALm01d5uwSC","0.00"
"1705946136926","2024-01-22 12:55:48","2024-01-22 13:05:46","DIxc1PE_2lqxFnBI7Op5F","0.70"
"1705946157305","2024-01-22 12:56:03","2024-01-22 13:02:23","LDDUuJITpnc7oLLiNOJSE","0.93"
"1705946164754","2024-01-22 12:56:07","2024-01-22 13:03:37","2oQTtjDqElVV7FhRz4Y-y","1.00"
"1705946171711","2024-01-22 12:56:26","2024-01-22 13:04:30","02-IaUkRseiFkL-Pr_2jh","1.00"
"1705946172446","2024-01-22 12:56:16","2024-01-22 13:01:03","OO5btH-XLNjUmcL1s1d8U","0.45"
"1705946185535","2024-01-22 12:56:34","2024-01-22 13:07:04","K36zQVNYDniA2EZrvpZl5","0.00"
"1705946193379","2024-01-22 12:57:21","2024-01-22 13:03:26","0DZfHICkBFx0TEdPwu9bR","0.00"
"1705946197615","2024-01-22 12:57:03","2024-01-22 13:07:14","SrV-abNFigsw7hakcJH_9","0.31"
"1705946198166","2024-01-22 12:56:49","2024-01-22 13:03:41","tOguttYP-2-8ew_i-7Pdi","0.51"
"1705946203745","2024-01-22 12:56:47","2024-01-22 13:06:14","4yvooUZtVUuk8otLhhCnj","0.81"
"1705946208646","2024-01-22 12:56:53","2024-01-22 12:59:49","gP3-XYZpi4cyHKC7yi9vN","0.79"
"1705946214168","2024-01-22 12:56:59","2024-01-22 13:07:04","ZvzQQnRD0TU7Jdp3xG_g9","1.00"
"1705946215236","2024-01-22 12:57:00","2024-01-22 13:04:28","02AvGTdhBjSCay_AkU_u1","0.00"
"1705946235508","2024-01-22 12:57:22","2024-01-22 13:05:37","RcTe4XUAaJnRLqT4uXy6V","0.80"
"1705946236911","2024-01-22 12:57:28","2024-01-22 13:04:36","ypk6eufhHAVoPqEtm-RFO","0.64"
"1705946258582","2024-01-22 12:57:44","2024-01-22 13:03:33","5BeLmkyYSg-MHUxTnO-gJ","0.32"
"1705946260067","2024-01-22 12:58:02","2024-01-22 13:05:46","ROWb-zCU-UxPMWtQfoR0D","0.55"
"1705946264491","2024-01-22 12:59:20","2024-01-22 13:22:31","9rBl0f2_8Xfurs7S4BSdT","0.99"
"1705946278551","2024-01-22 12:58:03","2024-01-22 13:02:19","IPiC7hZYL1eX4CRMvCaL6","0.00"
"1705946284873","2024-01-22 12:58:08","2024-01-22 13:06:47","9idGRe9oWYHcleWURDkdz","0.85"
"1705946314275","2024-01-22 12:58:39","2024-01-22 13:03:13","UCAZ8DHtgVBZJgCOXXip_","0.24"
"1705946316512","2024-01-22 12:58:40","2024-01-22 13:01:21","3v15MQ5_cv9UBM-AjVrHO","0.71"
"1705946316567","2024-01-22 12:58:48","2024-01-22 13:09:32","vCJ2Z0A4NktPa76hzyWRQ","0.98"
"1705946339665","2024-01-22 12:59:03","2024-01-22 13:01:32","SmiytB7Tr7xUFYJ8bko6l","0.24"
"1705946350664","2024-01-22 12:59:16","2024-01-22 13:05:40","xynObwKng2JIvEm6RMKx3","0.52"
"1705946354721","2024-01-22 12:59:20","2024-01-22 13:02:38","X9h7ngCY1ePNmd1DLJNoN","0.41"
"1705946356362","2024-01-22 12:59:27","2024-01-22 13:08:37","LslXAz8bIA-BiZWwsCDKB","0.43"
"1705946357152","2024-01-22 12:59:41","2024-01-22 13:12:19","c7K0rmlmCfdjiPvB1PO-z","0.76"
"1705946363672","2024-01-22 13:03:42","2024-01-22 13:09:17","R8I3SQ3Fv6xeFC1WRTRg3","0.49"
"1705946365533","2024-01-22 12:59:31","2024-01-22 13:08:43","V48T3Q_uwGQf2k0b2ABoo","0.00"
"1705946375875","2024-01-22 12:59:39","2024-01-22 13:05:11","gG2c-7zNnlXacES1AT6Zd","0.83"
"1705946382776","2024-01-22 12:59:52","2024-01-22 13:03:02","lwrEGgs4GlyKuc1icCpGw","0.66"
"1705946384293","2024-01-22 12:59:48","2024-01-22 13:04:22","PfV2Ku9c4oLLL2j-1kBQM","0.71"
"1705946387590","2024-01-22 13:01:52","2024-01-22 13:10:39","eajstsid0exEAMKh8X9UK","0.00"
"1705946408616","2024-01-22 13:00:13","2024-01-22 13:09:49","qe0NBy0B_p3_hMjXoHNN3","0.91"
"1705946411327","2024-01-22 13:00:49","2024-01-22 13:05:54","tmwBdfUaCVce1-df8K166","0.62"
"1705946420125","2024-01-22 13:00:24","2024-01-22 13:07:38","Jo6mlUsAI_4BOK3pgA40a","1.00"
"1705946442358","2024-01-22 13:00:52","2024-01-22 13:06:01","QubVH7I8Ksvefd-t1wgS3","0.56"
"1705946452154","2024-01-22 13:00:57","2024-01-22 13:09:33","JONYAyf9IVSCIyRphjh0N","0.59"
"1705946455799","2024-01-22 13:01:04","2024-01-22 13:08:38","c5kFsOU_z-aCEdJ6Tv0Os","0.00"
"1705946467093","2024-01-22 13:02:08","2024-01-22 13:08:10","NSV6YH8eXYtrKa3ydiCnW","0.64"
"1705946482601","2024-01-22 13:01:26","2024-01-22 13:13:35","SxtH_hro2BjaPBCUxEDal","1.00"
"1705946494061","2024-01-22 13:01:53","2024-01-22 13:08:11","9MTuTRhO5ltg7aPIrPIGT","0.28"
"1705946496735","2024-01-22 13:01:40","2024-01-22 13:07:56","oRq0lqwJgRgdFQ3OrxWTS","0.68"
"1705946497259","2024-01-22 13:01:43","2024-01-22 13:22:18","AyCxxWHdjuU6lnMcSmFzR","1.00"
"1705946503305","2024-01-22 13:02:30","2024-01-22 13:08:15","JR895F88TTCM2NocYQE-G","0.42"
"1705946511732","2024-01-22 13:01:57","2024-01-22 13:05:00","pqVGK039yvViQYpT_sMyV","0.57"
"1705946533604","2024-01-22 13:02:24","2024-01-22 13:09:56","zY8p9vkNlqxG8xnWtwHpY","0.69"
"1705946535521","2024-01-22 13:02:24","2024-01-22 13:11:35","t78NZid9LR9S6pOezA2c1","0.00"
"1705946535816","2024-01-22 13:02:21","2024-01-22 13:05:32","oTC0HMRjXjkgbym-zdHRm","0.64"
"1705946536048","2024-01-22 13:02:23","2024-01-22 13:11:40","UjcjO8n8V4UXnHJB6m9MZ","0.83"
"1705946539755","2024-01-22 13:02:28","2024-01-22 13:09:47","Mew24UCfqwyAprJryJJl8","0.72"
"1705946549850","2024-01-22 13:02:35","2024-01-22 13:23:10","_k9jxyXNV7t_3lRnPOAQU","1.00"
"1705946563627","2024-01-22 13:02:47","2024-01-22 13:05:12","VRJPXYoMsnshmCAlz55Ge","0.59"
"1705946565148","2024-01-22 13:02:48","2024-01-22 13:08:26","qZoJizf-2k0oLrXcnTIUx","0.65"
"1705946573050","2024-01-22 13:02:57","2024-01-22 13:10:20","YzRzIU9FQdin0QH6pfcO6","0.47"
"1705946589920","2024-01-22 13:03:16","2024-01-22 13:08:56","C2eekDstAntoClC4TqA_q","0.32"
"1705946599910","2024-01-22 13:11:57","2024-01-22 13:22:08","B9ouy_i_QECY3t3rrBC0n","0.77"
"1705946610445","2024-01-22 13:03:38","2024-01-22 13:13:50","Muco6Utef-KA_VgCh8aND","0.00"
"1705946637540","2024-01-22 13:05:52","2024-01-22 13:15:51","sS8S-53YLWXA4278-K3om","0.00"
"1705946652840","2024-01-22 13:04:47","2024-01-22 13:11:03","e-qwdmo3J3jtohU9YtG1K","0.44"
"1705946669052","2024-01-22 13:04:33","2024-01-22 13:12:48","0_bRwzDbwn5W7bDWk1ySI","0.93"
"1705946686290","2024-01-22 13:04:58","2024-01-22 13:08:35","Wk5YCG-IPoa1Ei6_aqoeX","0.82"
"1705946697865","2024-01-22 13:05:02","2024-01-22 13:10:28","Ms9ZHc7v8kcPGyEcTsFDV","0.60"
"1705946709695","2024-01-22 13:05:16","2024-01-22 13:13:07","T_J1nhnYsCysgqTq1gvi8","1.00"
"1705946713683","2024-01-22 13:05:18","2024-01-22 13:14:06","0Ba41cSRsdCEP-FVvHmCq","0.86"
"1705946718251","2024-01-22 13:05:24","2024-01-22 13:06:54","mAl1XdXC8E8w8-nnbpFYa","0.31"
"1705946738194","2024-01-22 13:05:44","2024-01-22 13:13:14","dO8sPVaSfj8-SDkQNv-j-","0.74"
"1705946750452","2024-01-22 13:05:55","2024-01-22 13:10:17","NWRRc1DWH1PUkIONJdDCG","1.00"
"1705946751971","2024-01-22 13:05:55","2024-01-22 13:18:39","EnDnBpA6Zmn1KI3g_Ba6z","1.00"
"1705946753457","2024-01-22 13:06:25","2024-01-22 13:12:14","W8YV0phKEpKEJgl72hPxp","0.67"
"1705946753817","2024-01-22 13:06:13","2024-01-22 13:09:17","8NIHmntv7nOrDfwKbSWT7","0.00"
"1705946758188","2024-01-22 13:06:08","2024-01-22 13:15:11","RQU-Moy4JSKKizDVCP3pf","0.75"
"1705946768088","2024-01-22 13:07:03","2024-01-22 13:16:10","MDJRgWkxO0BqRd-df8K0D","0.76"
"1705946773897","2024-01-22 13:06:27","2024-01-22 13:14:00","vj79M0Gom65PzL74obODR","0.68"
"1705946786635","2024-01-22 13:06:31","2024-01-22 13:13:10","rmhIu15S3KNLn_GuW6lyj","0.95"
"1705946789853","2024-01-22 13:06:39","2024-01-22 13:14:14","1VwUWSndkpA8jdTtGIp8S","0.89"
"1705946791379","2024-01-22 13:06:39","2024-01-22 13:18:25","AgoKz4GDdoKuX7jIH6DIg","0.82"
"1705946802632","2024-01-22 13:06:53","2024-01-22 13:12:47","BdYYabHdJFAzyalSMhL3X","0.00"
"1705946809532","2024-01-22 13:06:52","2024-01-22 13:12:47","ACBdEXa83XgGy6O82eRfq","0.30"
"1705946809979","2024-01-22 13:06:56","2024-01-22 13:13:39","rBpz-O9-2BXdj0sk7IsDx","0.00"
"1705946812248","2024-01-22 13:06:55","2024-01-22 13:12:46","FdH15oMYC42iEAhWJBxnb","0.47"
"1705946813842","2024-01-22 13:06:59","2024-01-22 13:25:36","5OV2xd6HtamZvEzyWb2O1","0.98"
"1705946861899","2024-01-22 13:07:47","2024-01-22 13:12:24","Ki-zw2EM4ecqfVDGeOipy","0.00"
"1705946897142","2024-01-22 13:08:58","2024-01-22 13:16:10","ABNE83UAoSYdTJelMF5aS","1.00"
"1705946898262","2024-01-22 13:08:27","2024-01-22 13:21:11","fGaP38p_ipfjEodX4NBre","0.78"
"1705946908336","2024-01-22 13:08:31","2024-01-22 13:11:44","fzBGEFCwlE9V0XIc-3Wgb","0.17"
"1705946916268","2024-01-22 13:08:51","2024-01-22 13:19:03","3gesYSlY0Rzk8YTZnFAH3","0.97"
"1705946924159","2024-01-22 13:08:52","2024-01-22 13:12:55","xtJQ1q9sL3iQqdzlCAuk8","0.59"
"1705946927193","2024-01-22 13:08:53","2024-01-22 13:13:30","-3NhFfW12LqPXsk7JZ7CB","0.69"
"1705946930697","2024-01-22 13:12:57","2024-01-22 13:24:48","iF7NLTrkjxxl4NSigtOlr","0.47"
"1705946963043","2024-01-22 13:09:28","2024-01-22 13:12:28","XhqVPDF3Bb2R6abxRLh_K","0.42"
"1705946963104","2024-01-22 13:10:45","2024-01-22 13:15:14","wG11c9GdMY1KJPVi-VFHE","0.68"
"1705946969210","2024-01-22 13:09:37","2024-01-22 13:15:09","u_OHObWZ7mSW8sXXEPSAQ","0.80"
"1705946976249","2024-01-22 13:09:43","2024-01-22 13:14:57","pRc8pjuZ9cG--atcmYlGo","0.70"
"1705946987770","2024-01-22 13:10:53","2024-01-22 13:16:08","tA0CThXk7RAgR4prn5FD9","0.45"
"1705946987916","2024-01-22 13:09:54","2024-01-22 13:15:30","qpW52WrumZ05D3Ru8cnXM","0.60"
"1705947044503","2024-01-22 13:10:52","2024-01-22 13:16:13","ddPzan2VxcJ3t1R9o3bP0","0.61"
"1705947050232","2024-01-22 13:10:58","2024-01-22 13:26:20","o2Hj1g5OuHgAO1Mov_TDW","0.82"
"1705947055026","2024-01-22 13:11:02","2024-01-22 13:18:08","ZakgNSDfw06-b-EZz2q6l","0.42"
"1705947064162","2024-01-22 13:11:07","2024-01-22 13:14:26","b31D0ZL08BIxeCoFU6tfb","0.81"
"1705947066579","2024-01-22 13:11:13","2024-01-22 13:16:52","8zCiYWcPOnNz2YIezkcUm","0.65"
"1705947076980","2024-01-22 13:11:34","2024-01-22 13:20:34","0bVKBt6Xerx8JS4wvfkif","0.59"
"1705947090005","2024-01-22 13:11:40","2024-01-22 13:19:10","1Np1TRWeKH6WRRrLzN05X","1.00"
"1705947108847","2024-01-22 13:15:12","2024-01-22 13:24:50","zs8gBF_TiftGy5iJMNONV","0.81"
"1705947110240","2024-01-22 13:13:03","2024-01-22 13:32:32","akr6ydD1ohuG_MEbAAtlp","0.91"
"1705947113472","2024-01-22 13:11:59","2024-01-22 13:17:02","I2NMhNtkQdi06aJ_pTPT6","0.00"
"1705947123162","2024-01-22 13:12:15","2024-01-22 13:14:52","qTO0YcUPZLbw3-GaogWwp","0.55"
"1705947133248","2024-01-22 13:12:36","2024-01-22 13:22:16","fHem72UzYjEvsNtPBrqNC","0.71"
"1705947143022","2024-01-22 13:12:28","2024-01-22 13:25:00","tJF_PdOqDRB1A2duqDEc2","1.00"
"1705947165974","2024-01-22 13:12:50","2024-01-22 13:21:46","z2Sb8-VkcF1ZrMRHPDfDI","0.78"
"1705947170518","2024-01-22 13:13:00","2024-01-22 13:20:57","66A0Q6UYbik8AV4P83kIn","1.00"
"1705947171423","2024-01-22 13:13:38","2024-01-22 13:18:43","W-sPEOiUB2bVXqlOLR_Ry","0.63"
"1705947173346","2024-01-22 13:12:56","2024-01-22 13:16:23","ltG7oKl6gOTusxpWcsMWV","0.85"
"1705947177096","2024-01-22 13:13:06","2024-01-22 13:23:58","5yIFltwO_C4dv9xSjCsM2","0.37"
"1705947188511","2024-01-22 13:13:23","2024-01-22 13:17:34","cyArJBnTVJ-ZTNGG2IdM_","0.00"
"1705947191383","2024-01-22 13:13:13","2024-01-22 13:17:14","5Pd-zLuePTUdYGp9v4Xeb","0.92"
"1705947216840","2024-01-22 13:13:45","2024-01-22 13:34:02","x7e3HzZj4yNO9enHb9Cc3","0.86"
"1705947219514","2024-01-22 13:13:44","2024-01-22 13:22:11","itiNcbDEBMzwCJIbSderA","0.76"
"1705947222484","2024-01-22 13:13:47","2024-01-22 13:17:23","aXHB5IgDXowg_v_Z_vSdy","0.97"
"1705947225028","2024-01-22 13:15:05","2024-01-22 13:17:30","ki77R5_iDbI-NJRGAm1m2","0.89"
"1705947252689","2024-01-22 13:14:17","2024-01-22 13:19:08","EeJrLpqy-R3aj88bukMKh","0.50"
"1705947263339","2024-01-22 13:14:25","2024-01-22 13:36:02","kuXD1MU0XnzyMN5EcTRKS","0.84"
"1705947271145","2024-01-22 13:14:46","2024-01-22 13:18:13","e3D6EVXT3ITO8MuMSViug","0.57"
"1705947292062","2024-01-22 13:15:42","2024-01-22 13:27:50","Jlcfqlaqn7hTz9XcTKo4h","0.98"
"1705947305177","2024-01-22 13:15:11","2024-01-22 13:20:12","pqLZFpiUuvrA8ye8tcoXh","0.88"
"1705947318054","2024-01-22 13:15:40","2024-01-22 13:18:47","RTG8fC_-e-ih0PdFI39Uf","0.77"
"1705947327511","2024-01-22 13:15:32","2024-01-22 13:19:25","V66xAvHPRL95spj6uuXsQ","0.50"
"1705947328658","2024-01-22 13:16:07","2024-01-22 13:21:52","_0nYSSzfLhXGZyYiqknOF","0.00"
"1705947330887","2024-01-22 13:16:04","2024-01-22 13:22:30","qmvb-Tv93Q9yWqNRaUUfa","0.34"
"1705947335308","2024-01-22 13:15:47","2024-01-22 13:22:27","tKZTuyVUtrZjKZW7FsKwY","0.96"
"1705947347975","2024-01-22 13:15:58","2024-01-22 13:23:12","S8iEhIKVCXRM_T6_1rxzh","0.25"
"1705947351257","2024-01-22 13:16:06","2024-01-22 13:20:15","erFJKNdL5BmZp3symY1yq","0.78"
"1705947356361","2024-01-22 13:16:01","2024-01-22 13:21:11","j1YBOrTkEcJ1bjGU5TVto","0.79"
"1705947361380","2024-01-22 13:16:05","2024-01-22 13:19:50","tYySjjpDm3DLnY9PAOzbo","0.64"
"1705947369369","2024-01-22 13:16:16","2024-01-22 13:21:59","cSLf9tPnBd37QWzzQSO4i","0.48"
"1705947371133","2024-01-22 13:16:24","2024-01-22 13:28:49","_gEsh3T2LkpBkReyWRWQl","0.49"
"1705947377103","2024-01-22 13:39:51","2024-01-22 13:43:49","1E-K9E7w1RFcvI7reuL1X","0.00"
"1705947379832","2024-01-22 13:16:42","2024-01-22 13:23:12","HiKqnpRJLtGTcys6ZG_K9","0.90"
"1705947406806","2024-01-22 13:17:01","2024-01-22 13:22:58","FL_SGREHvODnFCHQUsLLl","0.00"
"1705947407968","2024-01-22 13:17:01","2024-01-22 13:28:13","Pgxo_grQ81jSgIxu6c8ZT","0.84"
"1705947412829","2024-01-22 13:16:57","2024-01-22 13:20:21","kCxeHYImupA1KxEKZoS-j","0.14"
"1705947418587","2024-01-22 13:17:11","2024-01-22 13:24:23","_e7iedmO1-nZKqu4qksPz","0.33"
"1705947422339","2024-01-22 13:17:11","2024-01-22 13:22:52","_vE_dLnf2e6HEvIPCw9qL","0.83"
"1705947424106","2024-01-22 13:19:41","2024-01-22 13:38:56","iH0xCrJtBLyf183lRso08","0.87"
"1705947425003","2024-01-22 13:17:20","2024-01-22 13:20:52","LzYOhMWfJWxC7tpx3R3tn","0.00"
"1705947451963","2024-01-22 13:17:36","2024-01-22 13:20:14","AqXFlpE_CvnjXIKdpfwyE","0.66"
"1705947452910","2024-01-22 13:18:08","2024-01-22 13:24:26","UX3qnNyDdOGJ2n8xVy_Ga","0.68"
"1705947490201","2024-01-22 13:18:20","2024-01-22 13:25:45","GuAMYKbfFOg1L5ZhC5wyg","0.54"
"1705947511392","2024-01-22 13:18:35","2024-01-22 13:27:06","uoZjoigWbebMk6Xa-KuSx","0.78"
"1705947565250","2024-01-22 13:19:31","2024-01-22 13:25:35","AuvnfQzSINpF26VbxUbIK","0.19"
"1705947647261","2024-01-22 13:21:24","2024-01-22 13:29:18","rHRvvYXC7WZpZL657CjxV","0.75"
"1705947718797","2024-01-22 13:22:22","2024-01-22 13:30:22","JjEITCSoIJ7T5RjV5h_oS","0.65"
"1705947719040","2024-01-22 13:22:10","2024-01-22 13:25:34","wKRWR_SA0wrWrKPn-CUut","0.86"
"1705947815996","2024-01-22 13:23:39","2024-01-22 13:28:30","IIqtzGY1ZFYYGNhwSW8jz","0.59"
"1705947822683","2024-01-22 13:24:39","2024-01-22 13:33:32","FkG9VFunD4wxx5JRH7Gk2","0.76"
"1705947854574","2024-01-22 13:24:53","2024-01-22 13:34:15","iEegmSuFPY5v4m9v1DjGG","0.65"
"1705947891235","2024-01-22 13:25:35","2024-01-22 13:32:09","jpFCMhJBhSHauxiDH8x5_","0.72"
"1705948030148","2024-01-22 13:27:59","2024-01-22 13:36:57","-7RjjoL54KIhwXZLbiqjS","0.57"
"1705948079694","2024-01-22 13:28:11","2024-01-22 13:36:48","I5RrrYPHGgmg3F6mYKifF","0.66"
"1705948083603","2024-01-22 13:28:43","2024-01-22 13:30:24","RTMrZYKzO-VfFj_d3bHm6","0.50"
"1705948112313","2024-01-22 13:28:41","2024-01-22 13:47:55","lw9hoSkwkCKm1m8AeMBQ6","0.90"
"1705948161978","2024-01-22 13:29:26","2024-01-22 13:35:08","V4eZuzSjXOWPk_RyhLQop","0.38"
"1705948222492","2024-01-22 13:30:27","2024-01-22 13:35:04","NCgL-6EETXXKQUgeMKCMR","0.73"
"1705948234305","2024-01-22 13:31:15","2024-01-22 13:33:28","kYgnZeSb-WYyMwIPfm2jy","0.69"
"1705948245203","2024-01-22 13:30:49","2024-01-22 13:36:29","NK-ORS6jtkHrzupR6sB8_","0.00"
"1705948406922","2024-01-22 13:33:33","2024-01-22 13:49:12","jDiNs67WO8TISwuZhhl7z","1.00"
"1705948432180","2024-01-22 13:33:59","2024-01-22 13:35:40","f2mQO44NX0aUwEfoN_4H1","0.77"
"1705948531810","2024-01-22 13:35:40","2024-01-22 13:44:26","AVIaC_3IQKyi4xzr-nupZ","0.79"
"1705948575194","2024-01-22 13:48:13","2024-01-22 13:54:58","e8oIpU64hWrP4qDh99IGX","0.83"
"1705948583974","2024-01-22 13:36:27","2024-01-22 13:38:52","-Ve5GqQ4FLD-1WQsbk6h7","0.70"
"1705948585250","2024-01-22 13:39:49","2024-01-22 13:48:43","jRiboppx9doj-Cxi2UmDG","0.69"
"1705948605502","2024-01-22 13:37:01","2024-01-22 13:57:10","4TruyplgPKhicDzpJyZIy","0.95"
"1705948634422","2024-01-22 13:37:20","2024-01-22 13:41:11","vhZ9mAZDHoJGmUeT6EFJ9","0.99"
"1705948635036","2024-01-22 13:37:18","2024-01-22 13:44:42","tsl1n9APLTnc0q0SX2E-y","0.67"
"1705948678405","2024-01-22 13:38:13","2024-01-22 13:45:57","mOlgujolGNa0yGBob3EJR","0.73"
"1705948679772","2024-01-22 13:38:52","2024-01-22 13:45:15","creURigz7mdyZ0ixsE2Cf","0.59"
"1705948685993","2024-01-22 13:38:09","2024-01-22 13:42:29","3YZUHvXrjkc_PzXd-3y59","1.00"
"1705948715431","2024-01-22 13:39:38","2024-01-22 13:49:22","8L-bb_MgyWTci9UshxIo_","0.53"
"1705948728453","2024-01-22 13:38:51","2024-01-22 13:49:24","oT23oeCnn-7EP35yhtjec","1.00"
"1705948733847","2024-01-22 13:39:05","2024-01-22 13:49:09","5JiL_zRQJG2MSBL9-CC8U","0.89"
"1705948746288","2024-01-22 13:39:14","2024-01-22 13:48:26","VsIdpUk655ZscIw9ENZvo","1.00"
"1705948756950","2024-01-22 13:39:23","2024-01-22 13:46:02","naykeoVt55S8DxoDO8xdc","0.00"
"1705948764816","2024-01-22 13:39:48","2024-01-22 13:48:00","mx_AykUf2PcwpuoCnXt38","0.74"
"1705948786922","2024-01-22 13:40:29","2024-01-22 13:47:34","H-FAPdHJf8gEPFzxqPCa0","0.52"
"1705948795711","2024-01-22 13:41:45","2024-01-22 13:53:22","fQaqU7eejR_64LeemNyIO","0.61"
"1705948857596","2024-01-22 13:41:10","2024-01-22 13:48:55","0ZjJt4iHdG8Y_YYHONmTf","0.81"
"1705948864717","2024-01-22 13:41:10","2024-01-22 13:49:10","8rRNqc9hIgvcWpLLJgA57","0.65"
"1705948894607","2024-01-22 13:41:39","2024-01-22 13:46:33","qHoJx5Tk9ycs_7xFW-wyx","0.52"
"1705948942492","2024-01-22 13:42:28","2024-01-22 13:44:54","2yHWk28bmINVJixI89YiE","0.00"
"1705948984466","2024-01-22 13:43:08","2024-01-22 13:48:40","UA7C2swjOXtF0ruCVKSIQ","0.92"
"1705948988200","2024-01-22 13:43:11","2024-01-22 13:47:51","GOn7seZ2OLtm3TPxXdeoy","1.00"
"1705949024819","2024-01-22 13:43:50","2024-01-22 13:55:39","yPvsSxPemt6-BhrBe2PG0","0.71"
"1705949092811","2024-01-22 13:45:21","2024-01-22 13:58:23","axgEUGiYxjM5fmu-ZRujY","0.64"
"1705949104123","2024-01-22 13:45:08","2024-01-22 13:55:04","t0xCwj7wVv2JEYnZ_BNl9","0.80"
"1705949146794","2024-01-22 13:45:51","2024-01-22 13:50:55","i7BnxT2SL0EzCDnBJsaIB","0.80"
"1705949169896","2024-01-22 13:46:30","2024-01-22 13:49:09","8q1qotJjdCFBKekncmCrV","0.73"
"1705949264320","2024-01-22 13:47:50","2024-01-22 13:54:00","x1JlsQw_2DYD4qi0A_t1_","0.78"
"1705949272513","2024-01-22 13:47:56","2024-01-22 14:06:29","bftDtyWKhOG73nNx_cgdr","0.47"
"1705949319532","2024-01-22 13:48:49","2024-01-22 13:54:02","GBB1xljWIiCLB9VGqDmC9","0.58"
"1705949340985","2024-01-22 13:50:07","2024-01-22 14:01:51","qj7IioB5jC56sX4aeH4_y","0.88"
"1705949355336","2024-01-22 13:49:24","2024-01-22 13:57:36","F9NfPHfPa6cnQqI8cgWMr","0.49"
"1705949355993","2024-01-22 13:49:22","2024-01-22 13:56:23","6a_47ERLvGWhzLk1FswtR","0.47"
"1705949418194","2024-01-22 13:50:39","2024-01-22 14:01:43","mYfSFAWrlzH5an150MUz2","0.78"
"1705949419444","2024-01-22 13:50:24","2024-01-22 13:59:21","tBvX4XChP7Mw9qE-84bcS","0.93"
"1705949490942","2024-01-22 13:51:42","2024-01-22 13:57:09","vMrlaMFAPomo_Ah2FJmoZ","0.00"
"1705949502469","2024-01-22 13:51:50","2024-01-22 13:56:44","uFsUFteiD1XPJJx6J-C5R","0.79"
"1705949905172","2024-01-22 13:58:33","2024-01-22 14:05:27","d7FOQDf6HizglVW3-4EW3","0.48"
"1705950033134","2024-01-22 14:03:28","2024-01-22 14:10:50","8x5_CGzo72Kf3a2v7ePtF","0.83"
"1705950047903","2024-01-22 14:02:17","2024-01-22 14:09:17","AaS5JtyLLnXVvxRdlJtuO","0.09"
"1705950477289","2024-01-22 14:08:03","2024-01-22 14:23:47","kGcpLE7zGbL7yMYdOqUxv","0.51"
"1705950648060","2024-01-22 14:10:52","2024-01-22 14:15:14","my1dAMPIQboWan9f484M2","0.75"
"1705950824184","2024-01-22 14:13:46","2024-01-22 14:23:04","NTgjJCa20H83Ph4UY0qIo","0.92"
"1705951312756","2024-01-22 14:21:59","2024-01-22 14:26:15","4B3DWDa8ieII_y1kJBzcS","0.82"
